-- phpMyAdmin SQL Dump
-- version 4.0.4.1
-- http://www.phpmyadmin.net
--
-- Host: 127.0.0.1
-- Generation Time: Oct 11, 2013 at 11:00 PM
-- Server version: 5.6.11
-- PHP Version: 5.5.3

SET SQL_MODE = "NO_AUTO_VALUE_ON_ZERO";
SET time_zone = "+00:00";


/*!40101 SET @OLD_CHARACTER_SET_CLIENT=@@CHARACTER_SET_CLIENT */;
/*!40101 SET @OLD_CHARACTER_SET_RESULTS=@@CHARACTER_SET_RESULTS */;
/*!40101 SET @OLD_COLLATION_CONNECTION=@@COLLATION_CONNECTION */;
/*!40101 SET NAMES utf8 */;

--
-- Database: `1916`
--
CREATE DATABASE IF NOT EXISTS `1916` DEFAULT CHARACTER SET utf8 COLLATE utf8_general_ci;
USE `1916`;

-- --------------------------------------------------------

--
-- Table structure for table `airfields`
--

DROP TABLE IF EXISTS `airfields`;
CREATE TABLE IF NOT EXISTS `airfields` (
  `id` int(11) NOT NULL AUTO_INCREMENT,
  `l1` char(8) DEFAULT 'Airfield',
  `l2` char(1) DEFAULT '{',
  `af_Name` varchar(80) DEFAULT 'Airfield with no name',
  `l3` varchar(200) DEFAULT '  Name = "Airfield with no name";',
  `af_Index` int(11) DEFAULT '1',
  `l4` varchar(200) DEFAULT '  Index = 1;',
  `af_LinkTrid` int(11) DEFAULT '2',
  `l5` varchar(200) DEFAULT '  LinkTrid = 2;',
  `af_Xpos` decimal(12,3) DEFAULT '100.000',
  `l6` varchar(200) DEFAULT '  XPos = 100.000;',
  `af_Ypos` decimal(12,3) DEFAULT '0.000',
  `l7` varchar(200) DEFAULT '  YPos = 0.000;',
  `af_Zpos` decimal(12,3) DEFAULT '0.000',
  `l8` varchar(200) DEFAULT '  ZPos = 100.000;',
  `l9` varchar(200) DEFAULT '  XOri = 0.00;',
  `af_YOri` decimal(5,2) DEFAULT '0.00',
  `l10` varchar(200) DEFAULT '  YOri = 0.00;',
  `l11` varchar(200) DEFAULT '  ZOri = 0.00;',
  `l12` varchar(200) DEFAULT '  Model = "graphicsairfieldsfr_med.mgm";',
  `l13` varchar(200) DEFAULT '  Script = "LuaScriptsWorldObjectsfr_med.txt";',
  `af_Country` char(3) DEFAULT '102',
  `l14` char(16) DEFAULT '  Country = 102;',
  `l15` varchar(200) DEFAULT '  Desc = "";',
  `l16` varchar(200) DEFAULT '  Durability = 25000;',
  `l17` varchar(200) DEFAULT '  DamageReport = 50;',
  `l18` varchar(200) DEFAULT '  DamageThreshold = 1;',
  `l19` varchar(200) DEFAULT '  DeleteAfterDeath = 0;',
  `l20` varchar(200) DEFAULT '  ReturnPlanes = 0;',
  `l21` varchar(200) DEFAULT '  Hydrodrome = 0;',
  `l22` varchar(200) DEFAULT '  RepairFriendlies = 0;',
  `l23` varchar(200) DEFAULT '  RearmFriendlies = 0;',
  `l24` varchar(200) DEFAULT '  RefuelFriendlies = 0;',
  `l25` varchar(200) DEFAULT '  RepairTime = 0;',
  `l26` varchar(200) DEFAULT '  RearmTime = 0;',
  `l27` varchar(200) DEFAULT '  RefuelTime = 0;',
  `l28` varchar(200) DEFAULT '  MaintenanceRadius = 1000;',
  `l29` varchar(200) DEFAULT '}',
  `l30` varchar(200) DEFAULT '',
  `l31` varchar(200) DEFAULT 'MCU_TR_Entity',
  `l32` varchar(200) DEFAULT '{',
  `mcu_Index` int(11) DEFAULT '2',
  `l33` varchar(200) DEFAULT '  Index = 2;',
  `l34` varchar(200) DEFAULT '  Name = "Outines entity";',
  `l35` varchar(200) DEFAULT '  Desc = "";',
  `l36` varchar(200) DEFAULT '  Targets = [];',
  `l37` varchar(200) DEFAULT '  Objects = [];',
  `l38` varchar(200) DEFAULT '  XPos = 100.000;',
  `l39` varchar(200) DEFAULT '  YPos = 0.000;',
  `l40` varchar(200) DEFAULT '  ZPos = 100.000;',
  `l41` varchar(200) DEFAULT '  XOri = 0.00;',
  `l42` varchar(200) DEFAULT '  YOri = 0.00;',
  `l43` varchar(200) DEFAULT '  ZOri = 0.00;',
  `af_Enabled` char(1) DEFAULT '1',
  `l44` varchar(200) DEFAULT '  Enabled = 1;',
  `l45` varchar(200) DEFAULT '  MisObjID = 1;',
  `l46` varchar(200) DEFAULT '}',
  UNIQUE KEY `id` (`id`)
) ENGINE=InnoDB DEFAULT CHARSET=utf8 AUTO_INCREMENT=1 ;

-- --------------------------------------------------------

--
-- Table structure for table `campaign_missions`
--

DROP TABLE IF EXISTS `campaign_missions`;
CREATE TABLE IF NOT EXISTS `campaign_missions` (
  `id` smallint(1) unsigned NOT NULL AUTO_INCREMENT,
  `mission_number` smallint(1) unsigned NOT NULL,
  `mission_file` varchar(50) NOT NULL,
  `mission_log` varchar(50) NOT NULL,
  `MissionID` varchar(50) NOT NULL,
  `mission_status` tinyint(1) NOT NULL,
  PRIMARY KEY (`id`),
  UNIQUE KEY `mission_file` (`mission_file`),
  UNIQUE KEY `MissionID` (`MissionID`),
  UNIQUE KEY `mission_number` (`mission_number`)
) ENGINE=InnoDB DEFAULT CHARSET=utf8 AUTO_INCREMENT=1 ;

-- --------------------------------------------------------

--
-- Table structure for table `campaign_settings`
--

DROP TABLE IF EXISTS `campaign_settings`;
CREATE TABLE IF NOT EXISTS `campaign_settings` (
  `id` smallint(1) unsigned NOT NULL AUTO_INCREMENT,
  `simulation` enum('RoF','BoS') NOT NULL,
  `campaign` varchar(30) NOT NULL,
  `camp_db` varchar(30) NOT NULL,
  `camp_host` varchar(30) NOT NULL,
  `camp_user` varchar(30) NOT NULL,
  `camp_passwd` varchar(30) NOT NULL,
  `map` varchar(30) NOT NULL,
  `map_locations` varchar(40) NOT NULL,
  `status` enum('1','2','3','4') NOT NULL DEFAULT '4',
  `show_airfield` tinyint(1) NOT NULL,
  `finish_flight_only_landed` tinyint(1) NOT NULL,
  `logpath` varchar(60) NOT NULL,
  `log_prefix` varchar(50) NOT NULL,
  `logfile` varchar(50) NOT NULL,
  `kia_pilot` smallint(1) NOT NULL,
  `mia_pilot` smallint(1) NOT NULL,
  `critical_w_pilot` smallint(1) NOT NULL,
  `serious_w_pilot` smallint(1) NOT NULL,
  `light_w_pilot` smallint(1) NOT NULL,
  `kia_gunner` smallint(1) NOT NULL,
  `mia_gunner` smallint(1) NOT NULL,
  `critical_w_gunner` smallint(1) NOT NULL,
  `serious_w_gunner` smallint(1) NOT NULL,
  `light_w_gunner` smallint(1) NOT NULL,
  `healthy` smallint(1) NOT NULL DEFAULT '0',
  `min_x` mediumint(1) NOT NULL,
  `min_z` mediumint(1) NOT NULL,
  `max_x` mediumint(1) NOT NULL,
  `max_z` mediumint(1) NOT NULL,
  `air_detect_distance` smallint(1) unsigned NOT NULL DEFAULT '5000',
  `ground_detect_distance` smallint(1) unsigned NOT NULL DEFAULT '500',
  `air_ai_level` enum('1','2','3') NOT NULL DEFAULT '2',
  `ground_ai_level` enum('1','2','3') NOT NULL DEFAULT '2',
  `ground_max_speed_kmh` tinyint(1) unsigned NOT NULL DEFAULT '50',
  `ground_transport_speed_kmh` tinyint(1) unsigned NOT NULL DEFAULT '10',
  `ground_spacing` tinyint(1) unsigned NOT NULL DEFAULT '5',
  `lineup_minutes` tinyint(1) unsigned NOT NULL DEFAULT '30',
  `mission_minutes` tinyint(1) unsigned NOT NULL DEFAULT '90',
  PRIMARY KEY (`id`),
  UNIQUE KEY `campaign` (`campaign`),
  UNIQUE KEY `camp_db` (`camp_db`)
) ENGINE=InnoDB  DEFAULT CHARSET=utf8 AUTO_INCREMENT=2 ;

--
-- Dumping data for table `campaign_settings`
--

INSERT INTO `campaign_settings` (`id`, `simulation`, `campaign`, `camp_db`, `camp_host`, `camp_user`, `camp_passwd`, `map`, `map_locations`, `status`, `show_airfield`, `finish_flight_only_landed`, `logpath`, `log_prefix`, `logfile`, `kia_pilot`, `mia_pilot`, `critical_w_pilot`, `serious_w_pilot`, `light_w_pilot`, `kia_gunner`, `mia_gunner`, `critical_w_gunner`, `serious_w_gunner`, `light_w_gunner`, `healthy`, `min_x`, `min_z`, `max_x`, `max_z`, `air_detect_distance`, `ground_detect_distance`, `air_ai_level`, `ground_ai_level`, `ground_max_speed_kmh`, `ground_transport_speed_kmh`, `ground_spacing`, `lineup_minutes`, `mission_minutes`) VALUES
(1, 'RoF', '1916', '1916', 'localhost', 'rofwar', 'rofwar', 'Western Front', 'rof_westernfront_locations', '3', 1, 1, 'logs', 'missionReport1916_', 'missionReport1916_1.txt', 100, 50, 30, 20, 10, 50, 50, 30, 20, 10, 0, 0, 0, 0, 0, 5000, 500, '2', '2', 50, 10, 5, 30, 90);

-- --------------------------------------------------------

--
-- Table structure for table `inbox`
--

DROP TABLE IF EXISTS `inbox`;
CREATE TABLE IF NOT EXISTS `inbox` (
  `id` int(11) NOT NULL AUTO_INCREMENT,
  `lin` text,
  `data_value` varchar(200) DEFAULT NULL,
  `data_dec_value` decimal(20,3) DEFAULT NULL,
  `CoalID` tinyint(3) unsigned NOT NULL,
  UNIQUE KEY `id` (`id`)
) ENGINE=InnoDB DEFAULT CHARSET=utf8 AUTO_INCREMENT=1 ;

-- --------------------------------------------------------

--
-- Table structure for table `mission_status`
--

DROP TABLE IF EXISTS `mission_status`;
CREATE TABLE IF NOT EXISTS `mission_status` (
  `id` tinyint(1) unsigned NOT NULL AUTO_INCREMENT,
  `mission_status` varchar(20) NOT NULL,
  PRIMARY KEY (`id`)
) ENGINE=InnoDB  DEFAULT CHARSET=utf8 AUTO_INCREMENT=9 ;

--
-- Dumping data for table `mission_status`
--

INSERT INTO `mission_status` (`id`, `mission_status`) VALUES
(1, 'created'),
(2, 'configured'),
(3, 'initialized'),
(4, 'moving units'),
(5, 'planning'),
(6, 'built'),
(7, 'analyzing'),
(8, 'scored');

-- --------------------------------------------------------

--
-- Table structure for table `player_fate`
--

DROP TABLE IF EXISTS `player_fate`;
CREATE TABLE IF NOT EXISTS `player_fate` (
  `id` tinyint(1) NOT NULL,
  `fate` varchar(30) NOT NULL,
  UNIQUE KEY `id` (`id`)
) ENGINE=InnoDB DEFAULT CHARSET=utf8;

--
-- Dumping data for table `player_fate`
--

INSERT INTO `player_fate` (`id`, `fate`) VALUES
(0, 'did not take off'),
(1, 'landed'),
(2, 'did not land'),
(3, 'crashed'),
(4, 'captured'),
(5, 'killed');

-- --------------------------------------------------------

--
-- Table structure for table `player_health`
--

DROP TABLE IF EXISTS `player_health`;
CREATE TABLE IF NOT EXISTS `player_health` (
  `id` tinyint(4) NOT NULL,
  `health` varchar(30) NOT NULL,
  PRIMARY KEY (`id`),
  UNIQUE KEY `health` (`health`)
) ENGINE=InnoDB DEFAULT CHARSET=utf8;

--
-- Dumping data for table `player_health`
--

INSERT INTO `player_health` (`id`, `health`) VALUES
(3, 'critical injuries'),
(4, 'dead'),
(0, 'fit as a fiddle'),
(1, 'minor injuries'),
(2, 'serious injuries');

-- --------------------------------------------------------

--
-- Table structure for table `rof_airfields`
--

DROP TABLE IF EXISTS `rof_airfields`;
CREATE TABLE IF NOT EXISTS `rof_airfields` (
  `id` int(11) NOT NULL AUTO_INCREMENT,
  `l1` char(8) DEFAULT 'Airfield',
  `l2` char(1) DEFAULT '{',
  `af_Name` varchar(80) DEFAULT 'Airfield with no name',
  `l3` varchar(200) DEFAULT '  Name = "Airfield with no name";',
  `af_Index` int(11) DEFAULT '1',
  `l4` varchar(200) DEFAULT '  Index = 1;',
  `af_LinkTrid` int(11) DEFAULT '2',
  `l5` varchar(200) DEFAULT '  LinkTrid = 2;',
  `af_Xpos` decimal(12,3) DEFAULT '100.000',
  `l6` varchar(200) DEFAULT '  XPos = 100.000;',
  `af_Ypos` decimal(12,3) DEFAULT '0.000',
  `l7` varchar(200) DEFAULT '  YPos = 0.000;',
  `af_Zpos` decimal(12,3) DEFAULT '0.000',
  `l8` varchar(200) DEFAULT '  ZPos = 100.000;',
  `l9` varchar(200) DEFAULT '  XOri = 0.00;',
  `af_YOri` decimal(5,2) DEFAULT '0.00',
  `l10` varchar(200) DEFAULT '  YOri = 0.00;',
  `l11` varchar(200) DEFAULT '  ZOri = 0.00;',
  `l12` varchar(200) DEFAULT '  Model = "graphicsairfieldsfr_med.mgm";',
  `l13` varchar(200) DEFAULT '  Script = "LuaScriptsWorldObjectsfr_med.txt";',
  `af_Country` char(3) DEFAULT '102',
  `l14` char(16) DEFAULT '  Country = 102;',
  `l15` varchar(200) DEFAULT '  Desc = "";',
  `l16` varchar(200) DEFAULT '  Durability = 25000;',
  `l17` varchar(200) DEFAULT '  DamageReport = 50;',
  `l18` varchar(200) DEFAULT '  DamageThreshold = 1;',
  `l19` varchar(200) DEFAULT '  DeleteAfterDeath = 0;',
  `l20` varchar(200) DEFAULT '  ReturnPlanes = 0;',
  `l21` varchar(200) DEFAULT '  Hydrodrome = 0;',
  `l22` varchar(200) DEFAULT '  RepairFriendlies = 0;',
  `l23` varchar(200) DEFAULT '  RearmFriendlies = 0;',
  `l24` varchar(200) DEFAULT '  RefuelFriendlies = 0;',
  `l25` varchar(200) DEFAULT '  RepairTime = 0;',
  `l26` varchar(200) DEFAULT '  RearmTime = 0;',
  `l27` varchar(200) DEFAULT '  RefuelTime = 0;',
  `l28` varchar(200) DEFAULT '  MaintenanceRadius = 1000;',
  `l29` varchar(200) DEFAULT '}',
  `l30` varchar(200) DEFAULT '',
  `l31` varchar(200) DEFAULT 'MCU_TR_Entity',
  `l32` varchar(200) DEFAULT '{',
  `mcu_Index` int(11) DEFAULT '2',
  `l33` varchar(200) DEFAULT '  Index = 2;',
  `l34` varchar(200) DEFAULT '  Name = "Outines entity";',
  `l35` varchar(200) DEFAULT '  Desc = "";',
  `l36` varchar(200) DEFAULT '  Targets = [];',
  `l37` varchar(200) DEFAULT '  Objects = [];',
  `l38` varchar(200) DEFAULT '  XPos = 100.000;',
  `l39` varchar(200) DEFAULT '  YPos = 0.000;',
  `l40` varchar(200) DEFAULT '  ZPos = 100.000;',
  `l41` varchar(200) DEFAULT '  XOri = 0.00;',
  `l42` varchar(200) DEFAULT '  YOri = 0.00;',
  `l43` varchar(200) DEFAULT '  ZOri = 0.00;',
  `af_Enabled` char(1) DEFAULT '1',
  `l44` varchar(200) DEFAULT '  Enabled = 1;',
  `l45` varchar(200) DEFAULT '  MisObjID = 1;',
  `l46` varchar(200) DEFAULT '}',
  UNIQUE KEY `id` (`id`)
) ENGINE=InnoDB  DEFAULT CHARSET=utf8 AUTO_INCREMENT=7 ;

--
-- Dumping data for table `rof_airfields`
--

INSERT INTO `rof_airfields` (`id`, `l1`, `l2`, `af_Name`, `l3`, `af_Index`, `l4`, `af_LinkTrid`, `l5`, `af_Xpos`, `l6`, `af_Ypos`, `l7`, `af_Zpos`, `l8`, `l9`, `af_YOri`, `l10`, `l11`, `l12`, `l13`, `af_Country`, `l14`, `l15`, `l16`, `l17`, `l18`, `l19`, `l20`, `l21`, `l22`, `l23`, `l24`, `l25`, `l26`, `l27`, `l28`, `l29`, `l30`, `l31`, `l32`, `mcu_Index`, `l33`, `l34`, `l35`, `l36`, `l37`, `l38`, `l39`, `l40`, `l41`, `l42`, `l43`, `af_Enabled`, `l44`, `l45`, `l46`) VALUES
(1, 'Airfield', '{', 'Coxyde', '  Name = "Airfield with no name";', 1, '  Index = 1;', 2, '  LinkTrid = 2;', '100.000', '  XPos = 100.000;', '0.000', '  YPos = 0.000;', '0.000', '  ZPos = 100.000;', '  XOri = 0.00;', '0.00', '  YOri = 0.00;', '  ZOri = 0.00;', '  Model = "graphicsairfieldsfr_med.mgm";', '  Script = "LuaScriptsWorldObjectsfr_med.txt";', '102', '  Country = 102;', '  Desc = "";', '  Durability = 25000;', '  DamageReport = 50;', '  DamageThreshold = 1;', '  DeleteAfterDeath = 0;', '  ReturnPlanes = 0;', '  Hydrodrome = 0;', '  RepairFriendlies = 0;', '  RearmFriendlies = 0;', '  RefuelFriendlies = 0;', '  RepairTime = 0;', '  RearmTime = 0;', '  RefuelTime = 0;', '  MaintenanceRadius = 1000;', '}', '', 'MCU_TR_Entity', '{', 2, '  Index = 2;', '  Name = "Outines entity";', '  Desc = "";', '  Targets = [];', '  Objects = [];', '  XPos = 100.000;', '  YPos = 0.000;', '  ZPos = 100.000;', '  XOri = 0.00;', '  YOri = 0.00;', '  ZOri = 0.00;', '1', '  Enabled = 1;', '  MisObjID = 1;', '}'),
(2, 'Airfield', '{', 'Dunkerque', '  Name = "Airfield with no name";', 1, '  Index = 1;', 2, '  LinkTrid = 2;', '100.000', '  XPos = 100.000;', '0.000', '  YPos = 0.000;', '0.000', '  ZPos = 100.000;', '  XOri = 0.00;', '0.00', '  YOri = 0.00;', '  ZOri = 0.00;', '  Model = "graphicsairfieldsfr_med.mgm";', '  Script = "LuaScriptsWorldObjectsfr_med.txt";', '102', '  Country = 102;', '  Desc = "";', '  Durability = 25000;', '  DamageReport = 50;', '  DamageThreshold = 1;', '  DeleteAfterDeath = 0;', '  ReturnPlanes = 0;', '  Hydrodrome = 0;', '  RepairFriendlies = 0;', '  RearmFriendlies = 0;', '  RefuelFriendlies = 0;', '  RepairTime = 0;', '  RearmTime = 0;', '  RefuelTime = 0;', '  MaintenanceRadius = 1000;', '}', '', 'MCU_TR_Entity', '{', 2, '  Index = 2;', '  Name = "Outines entity";', '  Desc = "";', '  Targets = [];', '  Objects = [];', '  XPos = 100.000;', '  YPos = 0.000;', '  ZPos = 100.000;', '  XOri = 0.00;', '  YOri = 0.00;', '  ZOri = 0.00;', '1', '  Enabled = 1;', '  MisObjID = 1;', '}'),
(3, 'Airfield', '{', 'Harlebeeke', '  Name = "Airfield with no name";', 1, '  Index = 1;', 2, '  LinkTrid = 2;', '100.000', '  XPos = 100.000;', '0.000', '  YPos = 0.000;', '0.000', '  ZPos = 100.000;', '  XOri = 0.00;', '0.00', '  YOri = 0.00;', '  ZOri = 0.00;', '  Model = "graphicsairfieldsfr_med.mgm";', '  Script = "LuaScriptsWorldObjectsfr_med.txt";', '102', '  Country = 102;', '  Desc = "";', '  Durability = 25000;', '  DamageReport = 50;', '  DamageThreshold = 1;', '  DeleteAfterDeath = 0;', '  ReturnPlanes = 0;', '  Hydrodrome = 0;', '  RepairFriendlies = 0;', '  RearmFriendlies = 0;', '  RefuelFriendlies = 0;', '  RepairTime = 0;', '  RearmTime = 0;', '  RefuelTime = 0;', '  MaintenanceRadius = 1000;', '}', '', 'MCU_TR_Entity', '{', 2, '  Index = 2;', '  Name = "Outines entity";', '  Desc = "";', '  Targets = [];', '  Objects = [];', '  XPos = 100.000;', '  YPos = 0.000;', '  ZPos = 100.000;', '  XOri = 0.00;', '  YOri = 0.00;', '  ZOri = 0.00;', '1', '  Enabled = 1;', '  MisObjID = 1;', '}'),
(4, 'Airfield', '{', 'Leffinghe', '  Name = "Airfield with no name";', 1, '  Index = 1;', 2, '  LinkTrid = 2;', '100.000', '  XPos = 100.000;', '0.000', '  YPos = 0.000;', '0.000', '  ZPos = 100.000;', '  XOri = 0.00;', '0.00', '  YOri = 0.00;', '  ZOri = 0.00;', '  Model = "graphicsairfieldsfr_med.mgm";', '  Script = "LuaScriptsWorldObjectsfr_med.txt";', '102', '  Country = 102;', '  Desc = "";', '  Durability = 25000;', '  DamageReport = 50;', '  DamageThreshold = 1;', '  DeleteAfterDeath = 0;', '  ReturnPlanes = 0;', '  Hydrodrome = 0;', '  RepairFriendlies = 0;', '  RearmFriendlies = 0;', '  RefuelFriendlies = 0;', '  RepairTime = 0;', '  RearmTime = 0;', '  RefuelTime = 0;', '  MaintenanceRadius = 1000;', '}', '', 'MCU_TR_Entity', '{', 2, '  Index = 2;', '  Name = "Outines entity";', '  Desc = "";', '  Targets = [];', '  Objects = [];', '  XPos = 100.000;', '  YPos = 0.000;', '  ZPos = 100.000;', '  XOri = 0.00;', '  YOri = 0.00;', '  ZOri = 0.00;', '1', '  Enabled = 1;', '  MisObjID = 1;', '}'),
(5, 'Airfield', '{', 'St. Marie Cappel', '  Name = "Airfield with no name";', 1, '  Index = 1;', 2, '  LinkTrid = 2;', '100.000', '  XPos = 100.000;', '0.000', '  YPos = 0.000;', '0.000', '  ZPos = 100.000;', '  XOri = 0.00;', '0.00', '  YOri = 0.00;', '  ZOri = 0.00;', '  Model = "graphicsairfieldsfr_med.mgm";', '  Script = "LuaScriptsWorldObjectsfr_med.txt";', '102', '  Country = 102;', '  Desc = "";', '  Durability = 25000;', '  DamageReport = 50;', '  DamageThreshold = 1;', '  DeleteAfterDeath = 0;', '  ReturnPlanes = 0;', '  Hydrodrome = 0;', '  RepairFriendlies = 0;', '  RearmFriendlies = 0;', '  RefuelFriendlies = 0;', '  RepairTime = 0;', '  RearmTime = 0;', '  RefuelTime = 0;', '  MaintenanceRadius = 1000;', '}', '', 'MCU_TR_Entity', '{', 2, '  Index = 2;', '  Name = "Outines entity";', '  Desc = "";', '  Targets = [];', '  Objects = [];', '  XPos = 100.000;', '  YPos = 0.000;', '  ZPos = 100.000;', '  XOri = 0.00;', '  YOri = 0.00;', '  ZOri = 0.00;', '1', '  Enabled = 1;', '  MisObjID = 1;', '}'),
(6, 'Airfield', '{', 'Zeebrugge', '  Name = "Airfield with no name";', 1, '  Index = 1;', 2, '  LinkTrid = 2;', '100.000', '  XPos = 100.000;', '0.000', '  YPos = 0.000;', '0.000', '  ZPos = 100.000;', '  XOri = 0.00;', '0.00', '  YOri = 0.00;', '  ZOri = 0.00;', '  Model = "graphicsairfieldsfr_med.mgm";', '  Script = "LuaScriptsWorldObjectsfr_med.txt";', '102', '  Country = 102;', '  Desc = "";', '  Durability = 25000;', '  DamageReport = 50;', '  DamageThreshold = 1;', '  DeleteAfterDeath = 0;', '  ReturnPlanes = 0;', '  Hydrodrome = 0;', '  RepairFriendlies = 0;', '  RearmFriendlies = 0;', '  RefuelFriendlies = 0;', '  RepairTime = 0;', '  RearmTime = 0;', '  RefuelTime = 0;', '  MaintenanceRadius = 1000;', '}', '', 'MCU_TR_Entity', '{', 2, '  Index = 2;', '  Name = "Outines entity";', '  Desc = "";', '  Targets = [];', '  Objects = [];', '  XPos = 100.000;', '  YPos = 0.000;', '  ZPos = 100.000;', '  XOri = 0.00;', '  YOri = 0.00;', '  ZOri = 0.00;', '1', '  Enabled = 1;', '  MisObjID = 1;', '}');

-- --------------------------------------------------------

--
-- Table structure for table `rof_coalitions`
--

DROP TABLE IF EXISTS `rof_coalitions`;
CREATE TABLE IF NOT EXISTS `rof_coalitions` (
  `CoalID` tinyint(1) unsigned NOT NULL,
  `Coalitionname` varchar(40) NOT NULL,
  PRIMARY KEY (`CoalID`),
  UNIQUE KEY `Coalitionname` (`Coalitionname`),
  UNIQUE KEY `CoalID` (`CoalID`)
) ENGINE=InnoDB DEFAULT CHARSET=utf8;

--
-- Dumping data for table `rof_coalitions`
--

INSERT INTO `rof_coalitions` (`CoalID`, `Coalitionname`) VALUES
(2, 'Central Powers'),
(6, 'Corsairs'),
(1, 'Entente'),
(7, 'Future'),
(5, 'Knights'),
(4, 'Mercenaries'),
(0, 'Neutral'),
(3, 'War Dogs');

-- --------------------------------------------------------

--
-- Table structure for table `rof_countries`
--

DROP TABLE IF EXISTS `rof_countries`;
CREATE TABLE IF NOT EXISTS `rof_countries` (
  `id` tinyint(1) unsigned NOT NULL,
  `ckey` smallint(1) unsigned NOT NULL,
  `countryname` varchar(30) NOT NULL,
  `countryadj` varchar(30) NOT NULL,
  `CoalID` tinyint(1) unsigned NOT NULL,
  PRIMARY KEY (`id`),
  UNIQUE KEY `countryname` (`countryname`),
  UNIQUE KEY `countryadj` (`countryadj`)
) ENGINE=InnoDB DEFAULT CHARSET=utf8;

--
-- Dumping data for table `rof_countries`
--

INSERT INTO `rof_countries` (`id`, `ckey`, `countryname`, `countryadj`, `CoalID`) VALUES
(1, 0, 'Neutral', 'neutral', 0),
(2, 101, 'France', 'French', 1),
(3, 102, 'Great Britain', 'British', 1),
(4, 103, 'USA', 'American', 1),
(5, 104, 'Italy', 'Italian', 1),
(6, 105, 'Russia', 'Russian', 1),
(7, 501, 'Germany', 'German', 2),
(8, 502, 'Austro-Hungary', 'Austro-Hungarian', 2),
(9, 600, 'Future Country', 'Future', 3),
(10, 610, 'War Dogs Country', 'War Dogs', 4),
(11, 620, 'Mercenaries Country', 'Mercenaries', 5),
(12, 630, 'Knights Country', 'Knights', 6),
(13, 640, 'Corsairs Country', 'Corsairs', 7);

-- --------------------------------------------------------

--
-- Table structure for table `rof_gunner_scores`
--

DROP TABLE IF EXISTS `rof_gunner_scores`;
CREATE TABLE IF NOT EXISTS `rof_gunner_scores` (
  `id` smallint(1) NOT NULL AUTO_INCREMENT,
  `MissionID` varchar(50) NOT NULL,
  `CoalID` tinyint(1) unsigned NOT NULL,
  `country` smallint(1) NOT NULL,
  `GunnerName` varchar(40) NOT NULL,
  `mgid` smallint(1) NOT NULL,
  `GunningFor` varchar(40) NOT NULL,
  `GunnerFate` tinyint(1) NOT NULL,
  `GunnerHealth` tinyint(1) NOT NULL,
  `GunnerNegScore` int(1) NOT NULL,
  `GunnerPosScore` int(1) NOT NULL,
  PRIMARY KEY (`id`)
) ENGINE=InnoDB  DEFAULT CHARSET=utf8 AUTO_INCREMENT=633 ;

--
-- Dumping data for table `rof_gunner_scores`
--

INSERT INTO `rof_gunner_scores` (`id`, `MissionID`, `CoalID`, `country`, `GunnerName`, `mgid`, `GunningFor`, `GunnerFate`, `GunnerHealth`, `GunnerNegScore`, `GunnerPosScore`) VALUES
(523, '1916_Mission_2v3-1916.1.15-9:30:0', 1, 102, 'LvA***Jumper', 14, 'JaVA_KEBEN', 1, 0, 0, 0),
(524, '1916_Mission_2v3-1916.1.15-9:30:0', 1, 102, 'LvA***Jojo', 17, 'LvA***Pod', 1, 0, 0, 0),
(525, '1916_Mission_2v3-1916.1.15-9:30:0', 1, 101, '=69GIAP=KOSHKA', 20, '=69.GIAP=TUSHKA', 5, 4, 50, 0),
(526, '1916_Mission_2v3-1916.1.15-9:30:0', 1, 102, 'LvA***bsprout', 27, 'LvA**RoodeDuivel', 5, 4, 50, 0),
(527, '1916_Mission_2v3-1916.1.15-9:30:0', 1, 102, 'AB1 Papouchek', 29, 'AB1 Vasek', 1, 0, 0, 0),
(528, '1916_Mission_2v3-1916.1.15-9:30:0', 1, 102, 'AB1_Dryjo_cdt', 32, 'AB1 Richard', 1, 0, 0, 0),
(529, '1916_Mission_2v3-1916.1.15-9:30:0', 1, 101, '=69GIAP=RADKO', 33, '=69.GIAP=STENKA', 1, 0, 0, 0),
(530, '1916_Mission_2v3-1916.1.15-9:30:0', 1, 102, 'LvA***Jumper', 34, 'JaVA_KEBEN', 5, 4, 50, 0),
(531, '1916_Mission_2v3-1916.1.15-9:30:0', 1, 102, 'Spa 124 Le Dom', 37, 'SPA124_DKE', 1, 0, 0, 0),
(532, '1916_Mission_2v3-1916.1.15-9:30:0', 1, 102, 'AB1 Papouchek', 43, 'AB1 Vasek', 1, 0, 0, 0),
(533, '1916_Mission_2v3-1916.1.15-9:30:0', 1, 102, 'Spa 124 Le Dom', 44, 'SPA124_DKE', 1, 0, 0, 0),
(534, '1916_Mission_2v3-1916.1.15-9:30:0', 1, 101, '=69.GIAP=VLADI', 49, '=69.GIAP=OZABO', 1, 0, 0, 0),
(535, '1916_Mission_2v3-1916.1.15-9:30:0', 1, 101, '=69.GIAP=VLADI', 50, '=69.GIAP=MYATA', 1, 0, 0, 0),
(536, '1916_Mission_2v3-1916.1.15-9:30:0', 1, 101, '=69.GIAP=VLADI', 53, '=69.GIAP=MYATA', 1, 0, 0, 0),
(537, '1916_Mission_2v3-1916.1.15-9:30:0', 1, 101, '=69.GIAP=VLADI', 54, '=69.GIAP=OZABO', 1, 0, 0, 0),
(538, '1916_Mission_2v3-1916.1.15-9:30:0', 2, 501, 'J18_HVO', 22, 'J18_Paul', 1, 0, 0, 0),
(539, '1916_Mission_2v3-1916.1.15-9:30:0', 2, 501, 'J18_Spiny', 39, 'J18 Graser F.', 1, 0, 0, 0),
(540, '1916_Mission_2v3-1916.1.15-9:30:0', 2, 501, 'J5_Numm', 45, 'J5_Mueller', 0, 2, 20, 0),
(541, '1916_Mission_2v3-1916.1.15-9:30:0', 2, 501, 'J5_Lupfsch', 46, 'J5_Vollbracht', 1, 0, 0, 0),
(542, '1916_Mission_2v3-1916.1.15-9:30:0', 2, 501, 'J5_Mueller', 47, 'J2_Izra-il', 1, 0, 0, 0),
(543, '1916_Mission_2v3-1916.1.15-9:30:0', 2, 501, 'Otto Von Cro', 48, 'J18_Guims', 5, 4, 50, 0),
(544, '1916_Mission_2v3-1916.1.15-9:30:0', 2, 501, 'J18_Guims', 51, 'J18_Mika Sperber', 5, 4, 50, 0),
(545, '1916_Mission_2v3-1916.1.15-9:30:0', 2, 501, 'Otto Von Cro', 52, 'J18_Corsaire', 1, 0, 0, 0),
(546, '1916_Missio_Allies3v1-1916.1.1-12:1:0', 1, 101, '=69GIAP=RADKO', 16, '=69.GIAP=STENKA', 5, 4, 50, 0),
(547, '1916_Missio_Allies3v1-1916.1.1-12:1:0', 1, 102, 'LvA***bsprout', 26, 'LvA**RoodeDuivel', 1, 0, 0, 0),
(548, '1916_Missio_Allies3v1-1916.1.1-12:1:0', 1, 101, '=69GIAP=KOSHKA', 31, '=69.GIAP=TUSHKA', 0, 1, 10, 0),
(549, '1916_Missio_Allies3v1-1916.1.1-12:1:0', 1, 102, 'LvA***Jumper', 32, 'LvA***Jojo', 1, 0, 0, 0),
(550, '1916_Missio_Allies3v1-1916.1.1-12:1:0', 1, 102, 'LvA***Pod', 36, 'LvA***Jojo', 1, 0, 0, 0),
(551, '1916_Missio_Allies3v1-1916.1.1-12:1:0', 1, 102, 'LvA***Jumper', 39, 'LvA***Jojo', 1, 0, 0, 0),
(552, '1916_Missio_Allies3v1-1916.1.1-12:1:0', 1, 102, 'AB1 Papouchek', 48, 'AB1 Papouchek', 1, 0, 0, 0),
(553, '1916_Missio_Allies3v1-1916.1.1-12:1:0', 1, 102, 'AB1 Papouchek', 53, 'AB1 Vasek', 1, 0, 0, 0),
(554, '1916_Missio_Allies3v1-1916.1.1-12:1:0', 1, 102, 'LvA***Pod', 56, 'LvA***Biggles', 1, 0, 0, 0),
(555, '1916_Missio_Allies3v1-1916.1.1-12:1:0', 1, 101, '=69.GIAP=OZABO', 60, '=69.GIAP=VLADI', 5, 4, 50, 0),
(556, '1916_Missio_Allies3v1-1916.1.1-12:1:0', 1, 102, '=69.GIAP=VLADI', 61, 'Robin van Eyk ', 1, 0, 0, 0),
(557, '1916_Missio_Allies3v1-1916.1.1-12:1:0', 1, 102, 'Spa 124 Le Dom', 65, 'AB1 Richard', 1, 0, 0, 0),
(558, '1916_Missio_Allies3v1-1916.1.1-12:1:0', 1, 102, 'AB1 Papouchek', 71, 'AB1 Richard', 1, 0, 0, 0),
(559, '1916_Missio_Allies3v1-1916.1.1-12:1:0', 1, 102, 'AB1 Papouchek', 73, 'AB1 Vasek', 1, 0, 0, 0),
(560, '1916_Missio_Allies3v1-1916.1.1-12:1:0', 1, 102, 'AB1 Papouchek', 77, 'AB1 Richard', 1, 0, 0, 0),
(561, '1916_Missio_Allies3v1-1916.1.1-12:1:0', 2, 501, 'James Baron', 7, 'JG1Pragr_J6', 1, 0, 0, 0),
(562, '1916_Missio_Allies3v1-1916.1.1-12:1:0', 2, 501, 'Otto Von Cro', 14, 'J18_Corsaire', 1, 0, 0, 0),
(563, '1916_Missio_Allies3v1-1916.1.1-12:1:0', 2, 501, 'JG1Stefan_J6', 18, 'JG1Baron_J6', 1, 0, 0, 0),
(564, '1916_Missio_Allies3v1-1916.1.1-12:1:0', 2, 501, 'Otto Von Cro', 22, 'J18_Corsaire', 5, 4, 50, 0),
(565, '1916_Missio_Allies3v1-1916.1.1-12:1:0', 2, 501, 'J18_Corsaire', 57, 'Otto Von Cro', 1, 0, 0, 0),
(566, '1916_Missio_Allies3v1-1916.1.1-12:1:0', 2, 501, 'J18_Corsaire', 58, 'Otto Von Cro', 5, 4, 50, 0),
(567, '1916_Missio_Allies3v1-1916.1.1-12:1:0', 2, 501, 'J5_Lupfsch', 59, 'J5_Mueller', 0, 0, 0, 0),
(568, '1916_Missio_Allies3v1-1916.1.1-12:1:0', 2, 501, 'J18_Capi', 62, 'J18_Taeht Dewoht', 0, 2, 20, 0),
(569, '1916_Missio_Allies3v1-1916.1.1-12:1:0', 2, 501, 'J18_Mika Sperber', 64, 'J18_Guims', 1, 0, 0, 0),
(570, '1916_Missio_Allies3v1-1916.1.1-12:1:0', 2, 501, 'J2_Izra-il', 67, 'J5_Stein', 5, 4, 50, 0),
(571, '1916_Missio_Allies3v1-1916.1.1-12:1:0', 2, 501, 'J18 Graser F.', 69, 'J18_Voltigeur', 0, 1, 10, 0),
(572, '1916_Missio_Allies3v1-1916.1.1-12:1:0', 2, 501, 'J18_Taeht Dewoht', 72, 'J18_HVO', 1, 0, 0, 0),
(573, '1916_Missio_Allies3v1-1916.1.1-12:1:0', 2, 501, 'J18_Taeht Dewoht', 74, 'J18_HVO', 5, 4, 50, 0),
(574, '1916_Missio_Allies3v1-1916.1.1-12:1:0', 2, 501, 'JG1Pragr_J6', 78, 'J5_Mueller', 1, 0, 0, 0),
(604, '1916_Mission 1v2-1916.1.1-8:1:0', 1, 102, 'LvA***bsprout', 21, 'LvA**RoodeDuivel', 1, 0, 0, 0),
(605, '1916_Mission 1v2-1916.1.1-8:1:0', 1, 102, '=69GIAP=RADKO', 22, '=69.GIAP=TUSHKA', 1, 0, 0, 0),
(606, '1916_Mission 1v2-1916.1.1-8:1:0', 1, 101, 'LvA***Jumper', 30, 'LvA***Biggles', 1, 0, 0, 0),
(607, '1916_Mission 1v2-1916.1.1-8:1:0', 1, 101, 'LvA***Pod', 32, 'JaVA_KEBEN', 5, 4, 50, 0),
(608, '1916_Mission 1v2-1916.1.1-8:1:0', 1, 102, 'LvA***Jojo', 38, 'Robin van Eyk ', 5, 4, 50, 0),
(609, '1916_Mission 1v2-1916.1.1-8:1:0', 1, 102, 'LvA***bsprout', 39, 'LvA**RoodeDuivel', 5, 4, 50, 0),
(610, '1916_Mission 1v2-1916.1.1-8:1:0', 1, 102, '=69GIAP=RADKO', 43, '=69.GIAP=VLADI', 1, 0, 0, 0),
(611, '1916_Mission 1v2-1916.1.1-8:1:0', 1, 101, 'LvA***Pod', 48, 'JaVA_KEBEN', 5, 4, 50, 0),
(612, '1916_Mission 1v2-1916.1.1-8:1:0', 1, 101, 'LvA***Jumper', 49, 'LvA***Biggles', 5, 4, 50, 0),
(613, '1916_Mission 1v2-1916.1.1-8:1:0', 1, 102, '=69GIAP=RADKO', 51, '=69.GIAP=VLADI', 1, 0, 0, 0),
(614, '1916_Mission 1v2-1916.1.1-8:1:0', 1, 102, '=69GIAP=KOSHKA', 53, '=69.GIAP=TUSHKA', 0, 2, 20, 0),
(615, '1916_Mission 1v2-1916.1.1-8:1:0', 1, 102, '=69.GIAP=STENKA', 55, '=69.GIAP=OZABO', 1, 0, 0, 0),
(616, '1916_Mission 1v2-1916.1.1-8:1:0', 1, 102, '=69.GIAP=STENKA', 56, '=69.GIAP=VLADI', 1, 0, 0, 0),
(617, '1916_Mission 1v2-1916.1.1-8:1:0', 1, 102, '=69GIAP=RADKO', 57, '=69.GIAP=OZABO', 5, 4, 50, 0),
(618, '1916_Mission 1v2-1916.1.1-8:1:0', 2, 501, 'J5_Lupfsch', 3, 'J5_Numm', 1, 0, 0, 0),
(619, '1916_Mission 1v2-1916.1.1-8:1:0', 2, 501, 'AB1 Filip', 9, 'AB1 Richard', 0, 0, 0, 0),
(620, '1916_Mission 1v2-1916.1.1-8:1:0', 2, 501, 'J18_Capi', 15, 'J18_Taeht Dewoht', 1, 0, 0, 0),
(621, '1916_Mission 1v2-1916.1.1-8:1:0', 2, 501, 'J18 Graser F.', 18, 'J18_Mika Sperber', 5, 4, 50, 0),
(622, '1916_Mission 1v2-1916.1.1-8:1:0', 2, 501, 'J18_Guims', 20, 'J18_Voltigeur', 1, 0, 0, 0),
(623, '1916_Mission 1v2-1916.1.1-8:1:0', 2, 501, 'J18_HVO', 29, 'Otto Von Cro', 5, 4, 50, 0),
(624, '1916_Mission 1v2-1916.1.1-8:1:0', 2, 501, 'AB1 Filip', 35, 'AB1 Richard', 5, 4, 50, 0),
(625, '1916_Mission 1v2-1916.1.1-8:1:0', 2, 501, 'AB1 Vasek', 36, 'AB1 Papouchek', 1, 0, 0, 0),
(626, '1916_Mission 1v2-1916.1.1-8:1:0', 2, 501, 'J18_Capi', 42, 'J18_Taeht Dewoht', 1, 0, 0, 0),
(627, '1916_Mission 1v2-1916.1.1-8:1:0', 2, 501, 'J5_Stein', 50, 'J5_Vollbracht', 1, 0, 0, 0),
(628, '1916_Mission 1v2-1916.1.1-8:1:0', 2, 501, 'AB1 Filip', 52, 'JG1Pragr_J6', 0, 2, 20, 0),
(629, '1916_Mission 1v2-1916.1.1-8:1:0', 2, 501, 'AB1 Richard', 54, 'JG1Thomas_J6', 1, 0, 0, 0),
(630, '1916_Mission 1v2-1916.1.1-8:1:0', 2, 501, 'J18_HVO', 58, 'J18_Paul', 1, 0, 0, 0),
(631, '1916_Mission 1v2-1916.1.1-8:1:0', 2, 501, 'J5_Mueller', 59, 'J5_Vorlander', 0, 3, 30, 0),
(632, '1916_Mission 1v2-1916.1.1-8:1:0', 2, 501, 'AB1 Papouchek', 60, 'J5_Hoffmann', 1, 0, 0, 0);

-- --------------------------------------------------------

--
-- Table structure for table `rof_kills`
--

DROP TABLE IF EXISTS `rof_kills`;
CREATE TABLE IF NOT EXISTS `rof_kills` (
  `id` smallint(1) unsigned NOT NULL AUTO_INCREMENT,
  `MissionID` varchar(60) NOT NULL,
  `clocktime` time NOT NULL,
  `attackerID` mediumint(1) NOT NULL,
  `attackerName` varchar(50) NOT NULL,
  `attackerCountryID` smallint(1) NOT NULL,
  `attackerCoalID` tinyint(1) unsigned NOT NULL,
  `action` varchar(20) NOT NULL,
  `targetID` mediumint(1) NOT NULL,
  `targetClass` varchar(8) NOT NULL,
  `targetType` varchar(50) NOT NULL,
  `targetName` varchar(50) NOT NULL,
  `targetCountryID` smallint(1) unsigned NOT NULL,
  `targetCoalID` tinyint(1) unsigned NOT NULL,
  `targetValue` smallint(1) NOT NULL,
  PRIMARY KEY (`id`)
) ENGINE=InnoDB  DEFAULT CHARSET=utf8 AUTO_INCREMENT=1677 ;

--
-- Dumping data for table `rof_kills`
--

INSERT INTO `rof_kills` (`id`, `MissionID`, `clocktime`, `attackerID`, `attackerName`, `attackerCountryID`, `attackerCoalID`, `action`, `targetID`, `targetClass`, `targetType`, `targetName`, `targetCountryID`, `targetCoalID`, `targetValue`) VALUES
(1350, '1916_Mission_2v3-1916.1.15-9:30:0', '10:23:16', 291848, 'J5_Mueller', 102, 1, 'destroyed', 146432, 'VTR', 'Leyland', 'Vehicle', 102, 1, 0),
(1351, '1916_Mission_2v3-1916.1.15-9:30:0', '10:23:16', 291848, 'J5_Mueller', 102, 1, 'destroyed', 151552, 'VTR', 'Leyland', 'Vehicle', 102, 1, 0),
(1352, '1916_Mission_2v3-1916.1.15-9:30:0', '10:23:16', 291848, 'J5_Mueller', 102, 1, 'destroyed', 156672, 'VTR', 'Leyland', 'Vehicle', 102, 1, 0),
(1353, '1916_Mission_2v3-1916.1.15-9:30:0', '10:23:16', 291848, 'J5_Mueller', 102, 1, 'destroyed', 167936, 'VTR', 'Crossley', 'Vehicle', 102, 1, 0),
(1354, '1916_Mission_2v3-1916.1.15-9:30:0', '10:23:51', 173056, '', 501, 2, 'shot down', 333830, 'PRE', 'Roland C.IIa', 'J5_Numm', 501, 2, 0),
(1355, '1916_Mission_2v3-1916.1.15-9:30:0', '10:23:56', 173056, '', 501, 2, 'killed', 334854, 'HUM', 'Common Bot', 'J5_Numm', 501, 2, 0),
(1356, '1916_Mission_2v3-1916.1.15-9:30:0', '10:23:56', 0, '', 501, 2, 'killed', 344070, 'BOT', 'BotGunnerHCL2', 'Halberstadt CL.II gunner', 501, 2, 0),
(1357, '1916_Mission_2v3-1916.1.15-9:30:0', '10:24:13', 291848, 'J5_Mueller', 102, 1, 'destroyed', 133120, 'INF', 'tent01', 'HQ Staff C', 102, 1, 0),
(1358, '1916_Mission_2v3-1916.1.15-9:30:0', '10:25:02', -1, 'Intrinsic', 0, 0, 'crashed', 308226, 'PRE', 'F.E.2b', '=69.GIAP=VLADI', 101, 1, 0),
(1359, '1916_Mission_2v3-1916.1.15-9:30:0', '10:25:15', 267303, 'J5_Vorlander', 102, 1, 'shot down', 273430, 'PRE', 'F.E.2b', 'JaVA_KEBEN', 102, 1, 0),
(1360, '1916_Mission_2v3-1916.1.15-9:30:0', '10:25:16', -1, 'Intrinsic', 0, 0, 'was killed', 309250, 'HUM', 'Common Bot', '=69.GIAP=VLADI', 101, 1, 0),
(1361, '1916_Mission_2v3-1916.1.15-9:30:0', '10:25:16', -1, 'Intrinsic', 0, 0, 'was killed', 318466, 'BOT', 'BotGunnerBreguet14', 'gunner', 101, 1, 0),
(1362, '1916_Mission_2v3-1916.1.15-9:30:0', '10:25:18', 273430, 'JaVA_KEBEN', 102, 1, 'killed', 316442, 'BOT', 'BotGunnerFe2_sing', 'F.E.2b gunner', 102, 1, 0),
(1363, '1916_Mission_2v3-1916.1.15-9:30:0', '10:25:19', 273430, 'JaVA_KEBEN', 102, 1, 'killed', 274454, 'HUM', 'Common Bot', 'JaVA_KEBEN', 102, 1, 0),
(1364, '1916_Mission_2v3-1916.1.15-9:30:0', '10:25:29', 390164, 'LvA***bsprout', 102, 1, 'shot down', 271397, 'PRE', 'F.E.2b', 'LvA**RoodeDuivel', 102, 1, 0),
(1365, '1916_Mission_2v3-1916.1.15-9:30:0', '10:25:37', -1, 'Intrinsic', 0, 0, 'was killed', 272421, 'HUM', 'Common Bot', 'LvA**RoodeDuivel', 102, 1, 0),
(1366, '1916_Mission_2v3-1916.1.15-9:30:0', '10:25:38', -1, 'Intrinsic', 0, 0, 'was killed', 391188, 'BOT', 'BotGunnerBreguet14', 'gunner', 102, 1, 0),
(1367, '1916_Mission_2v3-1916.1.15-9:30:0', '10:25:41', -1, 'Intrinsic', 0, 0, 'was killed', 281637, 'BOT', 'BotGunnerBreguet14', 'gunner', 102, 1, 0),
(1368, '1916_Mission_2v3-1916.1.15-9:30:0', '10:25:52', 252939, 'LvA***Biggles', 501, 2, 'shot down', 267303, 'PRE', 'Roland C.IIa', 'J5_Vorlander', 501, 2, 0),
(1369, '1916_Mission_2v3-1916.1.15-9:30:0', '10:25:57', 295952, 'Robin van Eyk ', 501, 2, 'shot down', 291848, 'PRE', 'Roland C.IIa', 'J5_Mueller', 501, 2, 0),
(1370, '1916_Mission_2v3-1916.1.15-9:30:0', '10:26:01', 252939, 'LvA***Biggles', 102, 1, 'killed', 302088, 'BOT', 'BotGunnerHCL2', 'Halberstadt CL.II gunner', 501, 2, 0),
(1371, '1916_Mission_2v3-1916.1.15-9:30:0', '10:26:02', 291848, 'J5_Mueller', 501, 2, 'killed', 292872, 'HUM', 'Common Bot', 'J5_Mueller', 501, 2, 0),
(1372, '1916_Mission_2v3-1916.1.15-9:30:0', '10:26:13', 311328, 'AB1_Dryjo_cdt', 501, 2, 'shot down', 318471, 'PRE', 'Roland C.IIa', 'J5_Lupfsch', 501, 2, 0),
(1373, '1916_Mission_2v3-1916.1.15-9:30:0', '10:26:16', 318471, 'J5_Lupfsch', 102, 1, 'shot down', 295952, 'PFI', 'Nieuport 11.C1', 'Robin van Eyk ', 102, 1, 0),
(1374, '1916_Mission_2v3-1916.1.15-9:30:0', '10:26:16', 173056, '', 501, 2, 'killed', 319495, 'HUM', 'Common Bot', 'J5_Lupfsch', 501, 2, 0),
(1375, '1916_Mission_2v3-1916.1.15-9:30:0', '10:26:16', 0, '', 501, 2, 'killed', 328711, 'BOT', 'BotGunnerHCL2', 'Halberstadt CL.II gunner', 501, 2, 0),
(1376, '1916_Mission_2v3-1916.1.15-9:30:0', '10:26:18', -1, 'Intrinsic', 0, 0, 'was killed', 296976, 'HUM', 'Common Bot', 'Robin van Eyk ', 102, 1, 0),
(1377, '1916_Mission_2v3-1916.1.15-9:30:0', '10:28:32', 345129, '=69GIAP=RADKO', 501, 2, 'shot down', 280599, 'PRE', 'Roland C.IIa', 'Otto Von Cro', 501, 2, 0),
(1378, '1916_Mission_2v3-1916.1.15-9:30:0', '10:28:34', 345129, '=69GIAP=RADKO', 501, 2, 'killed', 290839, 'BOT', 'BotGunnerHCL2', 'Halberstadt CL.II gunner', 501, 2, 0),
(1379, '1916_Mission_2v3-1916.1.15-9:30:0', '10:28:34', 345129, '=69GIAP=RADKO', 501, 2, 'killed', 281623, 'HUM', 'Common Bot', 'Otto Von Cro', 501, 2, 0),
(1380, '1916_Mission_2v3-1916.1.15-9:30:0', '10:29:39', 345129, '=69GIAP=RADKO', 101, 1, 'shot down', 319505, 'PRE', 'Roland C.IIa', 'J18_Guims', 501, 2, 0),
(1381, '1916_Mission_2v3-1916.1.15-9:30:0', '10:29:46', -1, 'Intrinsic', 0, 0, 'was killed', 320529, 'HUM', 'Common Bot', 'J18_Guims', 501, 2, 0),
(1382, '1916_Mission_2v3-1916.1.15-9:30:0', '10:29:46', -1, 'Intrinsic', 0, 0, 'was killed', 295959, 'BOT', 'BotGunnerHCL2', 'Halberstadt CL.II gunner', 501, 2, 0),
(1383, '1916_Mission_2v3-1916.1.15-9:30:0', '10:30:11', -1, 'Intrinsic', 0, 0, 'was killed', 329745, 'BOT', 'BotGunnerHCL2', 'Halberstadt CL.II gunner', 501, 2, 0),
(1384, '1916_Mission_2v3-1916.1.15-9:30:0', '10:35:06', 262173, 'J18_Corsaire', 102, 1, 'destroyed', 134144, 'IMA', 'HotchkissAAA', 'MG', 102, 1, 0),
(1385, '1916_Mission_2v3-1916.1.15-9:30:0', '10:35:06', 262173, 'J18_Corsaire', 102, 1, 'destroyed', 140288, 'IMA', 'HotchkissAAA', 'MG', 102, 1, 0),
(1386, '1916_Mission_2v3-1916.1.15-9:30:0', '10:35:06', 262173, 'J18_Corsaire', 102, 1, 'destroyed', 161792, 'IMA', 'HotchkissAAA', 'MG', 102, 1, 0),
(1387, '1916_Mission_2v3-1916.1.15-9:30:0', '10:40:46', -1, 'Intrinsic', 0, 0, 'crashed', 279579, 'PRE', 'F.E.2b', '=69.GIAP=MYATA', 101, 1, 0),
(1388, '1916_Mission_2v3-1916.1.15-9:30:0', '10:42:11', 263204, 'J18_Paul', 102, 1, 'destroyed', 547840, 'VTR', 'Crossley', 'Staff car', 102, 1, 0),
(1389, '1916_Mission_2v3-1916.1.15-9:30:0', '10:42:12', 263204, 'J18_Paul', 102, 1, 'destroyed', 537600, 'VTR', 'Leyland', 'Truck', 102, 1, 0),
(1390, '1916_Mission_2v3-1916.1.15-9:30:0', '10:43:10', 334872, 'J18_Voltigeur', 102, 1, 'destroyed', 552960, 'VTR', 'Leyland', 'Truck', 102, 1, 0),
(1391, '1916_Mission_2v3-1916.1.15-9:30:0', '10:43:26', 281634, 'J18_Taeht Dewoht', 102, 1, 'destroyed', 542720, 'VTR', 'Leyland', 'Truck', 102, 1, 0),
(1392, '1916_Mission_2v3-1916.1.15-9:30:0', '10:46:11', -1, 'Intrinsic', 0, 0, 'was killed', 289819, 'BOT', 'BotGunnerBreguet14', 'gunner', 101, 1, 0),
(1393, '1916_Mission_2v3-1916.1.15-9:30:0', '10:52:58', 2014208, '', 101, 1, 'shot down', 253956, 'PRE', 'F.E.2b', '=69.GIAP=TUSHKA', 101, 1, 0),
(1394, '1916_Mission_2v3-1916.1.15-9:30:0', '10:53:04', -1, 'Intrinsic', 0, 0, 'was killed', 254980, 'HUM', 'Common Bot', '=69.GIAP=TUSHKA', 101, 1, 0),
(1395, '1916_Mission_2v3-1916.1.15-9:30:0', '10:53:04', -1, 'Intrinsic', 0, 0, 'was killed', 359452, 'BOT', 'BotGunnerBreguet14', 'gunner', 101, 1, 0),
(1396, '1916_Mission_2v3-1916.1.15-9:30:0', '10:53:20', -1, 'Intrinsic', 0, 0, 'self-destructed', 259072, 'VTR', 'Crossley', 'Staff car', 102, 1, 0),
(1397, '1916_Mission_2v3-1916.1.15-9:30:0', '10:53:23', -1, 'Intrinsic', 0, 0, 'self-destructed', 248832, 'VTR', 'Leyland', 'Truck', 102, 1, 0),
(1398, '1916_Mission_2v3-1916.1.15-9:30:0', '10:53:24', -1, 'Intrinsic', 0, 0, 'was killed', 264196, 'BOT', 'BotGunnerBreguet14', 'gunner', 101, 1, 0),
(1399, '1916_Mission_2v3-1916.1.15-9:30:0', '10:53:30', -1, 'Intrinsic', 0, 0, 'self-destructed', 253952, 'VTR', 'Leyland', 'Truck', 102, 1, 0),
(1400, '1916_Mission_2v3-1916.1.15-9:30:0', '10:53:39', -1, 'Intrinsic', 0, 0, 'self-destructed', 264192, 'VAA', 'thornycroftaaa', 'Vehicle AA', 102, 1, 0),
(1401, '1916_Mission_2v3-1916.1.15-9:30:0', '10:53:39', -1, 'Intrinsic', 0, 0, 'self-destructed', 442368, 'VTR', 'Crossley', 'Staff car', 102, 1, 0),
(1402, '1916_Mission_2v3-1916.1.15-9:30:0', '10:53:44', -1, 'Intrinsic', 0, 0, 'self-destructed', 432128, 'VTR', 'Leyland', 'Truck', 102, 1, 0),
(1403, '1916_Mission_2v3-1916.1.15-9:30:0', '10:53:57', -1, 'Intrinsic', 0, 0, 'self-destructed', 437248, 'VTR', 'Leyland', 'Truck', 102, 1, 0),
(1404, '1916_Mission_2v3-1916.1.15-9:30:0', '10:54:12', -1, 'Intrinsic', 0, 0, 'self-destructed', 447488, 'VAA', 'thornycroftaaa', 'Vehicle AA', 102, 1, 0),
(1405, '1916_Mission_2v3-1916.1.15-9:30:0', '10:57:42', -1, 'Intrinsic', 0, 0, 'crashed', 299033, 'PRE', 'Roland C.IIa', 'J18_Mika Sperber', 501, 2, 0),
(1406, '1916_Mission_2v3-1916.1.15-9:30:0', '10:58:31', -1, 'Intrinsic', 0, 0, 'was killed', 279577, 'HUM', 'Common Bot', 'J18_Mika Sperber', 501, 2, 0),
(1407, '1916_Mission_2v3-1916.1.15-9:30:0', '10:58:31', -1, 'Intrinsic', 0, 0, 'was killed', 38929, 'BOT', 'BotGunnerHCL2', 'Halberstadt CL.II gunner', 501, 2, 0),
(1408, '1916_Mission_2v3-1916.1.15-9:30:0', '10:58:47', 0, '', 501, 2, 'killed', 307225, 'BOT', 'BotGunnerHCL2', 'Halberstadt CL.II gunner', 501, 2, 0),
(1409, '1916_Mission_2v3-1916.1.15-9:30:0', '11:03:05', 266283, 'J18 Graser F.', 102, 1, 'destroyed', 583680, 'VTR', 'Leyland', 'Truck', 102, 1, 0),
(1410, '1916_Mission_2v3-1916.1.15-9:30:0', '11:03:16', 266283, 'J18 Graser F.', 102, 1, 'destroyed', 578560, 'VTR', 'Leyland', 'Truck', 102, 1, 0),
(1411, '1916_Mission_2v3-1916.1.15-9:30:0', '11:04:11', 266283, 'J18 Graser F.', 102, 1, 'destroyed', 593920, 'VTR', 'Leyland', 'Truck', 102, 1, 0),
(1412, '1916_Mission_2v3-1916.1.15-9:30:0', '11:06:06', 338977, 'J18_Spiny', 102, 1, 'destroyed', 588800, 'VTR', 'Crossley', 'Staff car', 102, 1, 0),
(1413, '1916_Mission_2v3-1916.1.15-9:30:0', '11:11:49', 266283, 'J18 Graser F.', 102, 1, 'destroyed', 384000, 'INF', 'tent03', 'Block', 102, 1, 0),
(1414, '1916_Mission_2v3-1916.1.15-9:30:0', '11:11:50', 266283, 'J18 Graser F.', 102, 1, 'destroyed', 385024, 'INF', 'tent03', 'Block', 102, 1, 0),
(1415, '1916_Mission_2v3-1916.1.15-9:30:0', '11:12:21', 0, '', 102, 1, 'destroyed', 386048, 'INF', 'tent03', 'Block', 102, 1, 0),
(1416, '1916_Mission_2v3-1916.1.15-9:30:0', '11:19:36', -1, 'Intrinsic', 0, 0, 'crashed', 268328, 'PRE', 'F.E.2b', 'AB1 Richard', 102, 1, 0),
(1417, '1916_Missio_Allies3v1-1916.1.1-12:1:0', '12:26:29', 306208, 'Otto Von Cro', 501, 2, 'destroyed', 1907712, 'INF', 'tent03', 'Tente01', 501, 2, 0),
(1418, '1916_Missio_Allies3v1-1916.1.1-12:1:0', '12:30:43', -1, 'Intrinsic', 0, 0, 'crashed on takeoff', 294946, 'PRE', 'Roland C.IIa', 'J18_HVO', 501, 2, 0),
(1419, '1916_Missio_Allies3v1-1916.1.1-12:1:0', '12:30:46', -1, 'Intrinsic', 0, 0, 'was killed', 305186, 'BOT', 'BotGunnerHCL2', 'Halberstadt CL.II gunner', 501, 2, 0),
(1420, '1916_Missio_Allies3v1-1916.1.1-12:1:0', '12:30:46', -1, 'Intrinsic', 0, 0, 'was killed', 295970, 'HUM', 'Common Bot', 'J18_HVO', 501, 2, 0),
(1421, '1916_Missio_Allies3v1-1916.1.1-12:1:0', '12:31:21', -1, 'Intrinsic', 0, 0, 'crashed on takeoff', 285700, 'PRE', 'Roland C.IIa', 'J5_Vorlander', 501, 2, 0),
(1422, '1916_Missio_Allies3v1-1916.1.1-12:1:0', '12:31:22', -1, 'Intrinsic', 0, 0, 'was killed', 295940, 'BOT', 'BotGunnerHCL2', 'Halberstadt CL.II gunner', 501, 2, 0),
(1423, '1916_Missio_Allies3v1-1916.1.1-12:1:0', '12:31:23', -1, 'Intrinsic', 0, 0, 'was killed', 286724, 'HUM', 'Common Bot', 'J5_Vorlander', 501, 2, 0),
(1424, '1916_Missio_Allies3v1-1916.1.1-12:1:0', '12:32:46', -1, 'Intrinsic', 0, 0, 'crashed on takeoff', 267302, 'PFI', 'Nieuport 11.C1', 'AB1 Papouchek', 102, 1, 0),
(1425, '1916_Missio_Allies3v1-1916.1.1-12:1:0', '12:32:46', -1, 'Intrinsic', 0, 0, 'was killed', 268326, 'HUM', 'Common Bot', 'AB1 Papouchek', 102, 1, 0),
(1426, '1916_Missio_Allies3v1-1916.1.1-12:1:0', '12:35:21', -1, 'Intrinsic', 0, 0, 'crashed on takeoff', 263209, 'PRE', 'Roland C.IIa', 'J18_Mika Sperber', 501, 2, 0),
(1427, '1916_Missio_Allies3v1-1916.1.1-12:1:0', '12:35:22', -1, 'Intrinsic', 0, 0, 'crashed on takeoff', 311326, 'PRE', 'Roland C.IIa', 'J18_Capi', 501, 2, 0),
(1428, '1916_Missio_Allies3v1-1916.1.1-12:1:0', '12:36:00', -1, 'Intrinsic', 0, 0, 'crashed on takeoff', 257036, 'PRE', 'Roland C.IIa', 'J18_Corsaire', 501, 2, 0),
(1429, '1916_Missio_Allies3v1-1916.1.1-12:1:0', '12:36:04', -1, 'Intrinsic', 0, 0, 'was killed', 258060, 'HUM', 'Common Bot', 'J18_Corsaire', 501, 2, 0),
(1430, '1916_Missio_Allies3v1-1916.1.1-12:1:0', '12:36:04', -1, 'Intrinsic', 0, 0, 'was killed', 307232, 'BOT', 'BotGunnerHCL2', 'Halberstadt CL.II gunner', 501, 2, 0),
(1431, '1916_Missio_Allies3v1-1916.1.1-12:1:0', '12:36:19', -1, 'Intrinsic', 0, 0, 'was killed', 267276, 'BOT', 'BotGunnerHCL2', 'Halberstadt CL.II gunner', 501, 2, 0),
(1432, '1916_Missio_Allies3v1-1916.1.1-12:1:0', '12:37:01', -1, 'Intrinsic', 0, 0, 'crashed on takeoff', 327721, 'PRE', 'Roland C.IIa', 'J18_Mika Sperber', 501, 2, 0),
(1433, '1916_Missio_Allies3v1-1916.1.1-12:1:0', '12:37:02', -1, 'Intrinsic', 0, 0, 'was killed', 275497, 'BOT', 'BotGunnerHCL2', 'Halberstadt CL.II gunner', 501, 2, 0),
(1434, '1916_Missio_Allies3v1-1916.1.1-12:1:0', '12:37:02', -1, 'Intrinsic', 0, 0, 'was killed', 282665, 'HUM', 'Common Bot', 'J18_Mika Sperber', 501, 2, 0),
(1435, '1916_Missio_Allies3v1-1916.1.1-12:1:0', '12:37:17', -1, 'Intrinsic', 0, 0, 'crashed on takeoff', 316446, 'PRE', 'Roland C.IIa', 'J18_Capi', 501, 2, 0),
(1436, '1916_Missio_Allies3v1-1916.1.1-12:1:0', '12:37:18', -1, 'Intrinsic', 0, 0, 'was killed', 368670, 'BOT', 'BotGunnerHCL2', 'Halberstadt CL.II gunner', 501, 2, 0),
(1437, '1916_Missio_Allies3v1-1916.1.1-12:1:0', '12:37:18', -1, 'Intrinsic', 0, 0, 'was killed', 327710, 'HUM', 'Common Bot', 'J18_Capi', 501, 2, 0),
(1438, '1916_Missio_Allies3v1-1916.1.1-12:1:0', '12:45:49', 252933, 'J5_Mueller', 102, 1, 'destroyed', 244736, 'RWA', 'Wagon_Pass', 'Wagon', 102, 1, 0),
(1439, '1916_Missio_Allies3v1-1916.1.1-12:1:0', '12:45:50', 252933, 'J5_Mueller', 102, 1, 'destroyed', 245760, 'RWA', 'Wagon_Pass', 'Wagon', 102, 1, 0),
(1440, '1916_Missio_Allies3v1-1916.1.1-12:1:0', '12:45:50', 252933, 'J5_Mueller', 102, 1, 'destroyed', 246784, 'RWA', 'Wagon_Pass', 'Wagon', 102, 1, 0),
(1441, '1916_Missio_Allies3v1-1916.1.1-12:1:0', '12:45:50', 252933, 'J5_Mueller', 102, 1, 'destroyed', 247808, 'RWA', 'Wagon_Pass', 'Wagon', 102, 1, 0),
(1442, '1916_Missio_Allies3v1-1916.1.1-12:1:0', '12:45:56', 267272, 'JG1Pragr_J6', 102, 1, 'destroyed', 242688, 'RWA', 'Wagon_G8T', 'Wagon', 102, 1, 0),
(1443, '1916_Missio_Allies3v1-1916.1.1-12:1:0', '12:45:56', 267272, 'JG1Pragr_J6', 102, 1, 'destroyed', 243712, 'RWA', 'Wagon_Pass', 'Wagon', 102, 1, 0),
(1444, '1916_Missio_Allies3v1-1916.1.1-12:1:0', '12:47:21', -1, 'Intrinsic', 0, 0, 'crashed', 350215, 'PRE', 'Roland C.IIa', 'J5_Lupfsch', 501, 2, 0),
(1445, '1916_Missio_Allies3v1-1916.1.1-12:1:0', '12:47:22', 309268, 'James Baron', 102, 1, 'destroyed', 236544, 'RLO', 'G8', 'Train moving', 102, 1, 0),
(1446, '1916_Missio_Allies3v1-1916.1.1-12:1:0', '12:47:24', -1, 'Intrinsic', 0, 0, 'was killed', 281607, 'HUM', 'Common Bot', 'J5_Lupfsch', 501, 2, 0),
(1447, '1916_Missio_Allies3v1-1916.1.1-12:1:0', '12:47:24', -1, 'Intrinsic', 0, 0, 'was killed', 274439, 'BOT', 'BotGunnerHCL2', 'Halberstadt CL.II gunner', 501, 2, 0),
(1448, '1916_Missio_Allies3v1-1916.1.1-12:1:0', '12:52:02', 394241, '=69GIAP=RADKO', 501, 2, 'shot down', 439326, 'PRE', 'Roland C.IIa', 'J18_Capi', 501, 2, 0),
(1449, '1916_Missio_Allies3v1-1916.1.1-12:1:0', '12:52:06', 387113, 'J18_Mika Sperber', 501, 2, 'shot down', 295950, 'PRE', 'F.E.2b', '=69.GIAP=VLADI', 101, 1, 0),
(1450, '1916_Missio_Allies3v1-1916.1.1-12:1:0', '12:52:07', -1, 'Intrinsic', 0, 0, 'crashed', 283681, 'PRE', 'F.E.2b', '=69.GIAP=OZABO', 101, 1, 0),
(1451, '1916_Missio_Allies3v1-1916.1.1-12:1:0', '12:52:08', 394241, '=69GIAP=RADKO', 501, 2, 'killed', 269353, 'BOT', 'BotGunnerHCL2', 'Halberstadt CL.II gunner', 501, 2, 0),
(1452, '1916_Missio_Allies3v1-1916.1.1-12:1:0', '12:52:12', -1, 'Intrinsic', 0, 0, 'was killed', 284705, 'HUM', 'Common Bot', '=69.GIAP=OZABO', 101, 1, 0),
(1453, '1916_Missio_Allies3v1-1916.1.1-12:1:0', '12:52:12', -1, 'Intrinsic', 0, 0, 'was killed', 293921, 'BOT', 'BotGunnerBreguet14', 'gunner', 101, 1, 0),
(1454, '1916_Missio_Allies3v1-1916.1.1-12:1:0', '12:52:44', -1, 'Intrinsic', 0, 0, 'was killed', 362529, 'BOT', 'BotGunnerBreguet14', 'gunner', 101, 1, 0),
(1455, '1916_Missio_Allies3v1-1916.1.1-12:1:0', '12:52:46', -1, 'Intrinsic', 0, 0, 'was killed', 395265, 'BOT', 'BotGunnerBreguet14', 'gunner', 101, 1, 0),
(1456, '1916_Missio_Allies3v1-1916.1.1-12:1:0', '12:52:47', 388128, 'Otto Von Cro', 501, 2, 'shot down', 269333, 'PRE', 'F.E.2b', '=69.GIAP=STENKA', 101, 1, 0),
(1457, '1916_Missio_Allies3v1-1916.1.1-12:1:0', '12:52:47', 354315, '=69GIAP=KOSHKA', 501, 2, 'shot down', 388128, 'PRE', 'Roland C.IIa', 'Otto Von Cro', 501, 2, 0),
(1458, '1916_Missio_Allies3v1-1916.1.1-12:1:0', '12:52:47', -1, 'Intrinsic', 0, 0, 'was killed', 270357, 'HUM', 'Common Bot', '=69.GIAP=STENKA', 101, 1, 0),
(1459, '1916_Missio_Allies3v1-1916.1.1-12:1:0', '12:52:52', -1, 'Intrinsic', 0, 0, 'was killed', 389152, 'HUM', 'Common Bot', 'Otto Von Cro', 501, 2, 0),
(1460, '1916_Missio_Allies3v1-1916.1.1-12:1:0', '12:52:52', -1, 'Intrinsic', 0, 0, 'was killed', 306190, 'BOT', 'BotGunnerBreguet14', 'gunner', 101, 1, 0),
(1461, '1916_Missio_Allies3v1-1916.1.1-12:1:0', '12:52:52', 354315, '=69GIAP=KOSHKA', 501, 2, 'killed', 303153, 'BOT', 'BotGunnerHCL2', 'Halberstadt CL.II gunner', 501, 2, 0),
(1462, '1916_Missio_Allies3v1-1916.1.1-12:1:0', '12:54:36', 354315, '=69GIAP=KOSHKA', 501, 2, 'shot down', 387113, 'PRE', 'Roland C.IIa', 'J18_Mika Sperber', 501, 2, 0),
(1463, '1916_Missio_Allies3v1-1916.1.1-12:1:0', '12:54:36', 354315, '=69GIAP=KOSHKA', 501, 2, 'killed', 376873, 'HUM', 'Common Bot', 'J18_Mika Sperber', 501, 2, 0),
(1464, '1916_Missio_Allies3v1-1916.1.1-12:1:0', '13:01:56', 252933, 'J5_Mueller', 102, 1, 'destroyed', 273408, 'RWA', 'Wagon_PassA', 'Train', 102, 1, 0),
(1465, '1916_Missio_Allies3v1-1916.1.1-12:1:0', '13:02:05', 267272, 'JG1Pragr_J6', 102, 1, 'destroyed', 783360, 'VTR', 'Leyland', 'Truck', 102, 1, 0),
(1466, '1916_Missio_Allies3v1-1916.1.1-12:1:0', '13:02:05', 267272, 'JG1Pragr_J6', 102, 1, 'destroyed', 793600, 'VTR', 'Crossley', 'Staff car', 102, 1, 0),
(1467, '1916_Missio_Allies3v1-1916.1.1-12:1:0', '13:02:06', 267272, 'JG1Pragr_J6', 102, 1, 'destroyed', 788480, 'VTR', 'Leyland', 'Truck', 102, 1, 0),
(1468, '1916_Missio_Allies3v1-1916.1.1-12:1:0', '13:02:06', 267272, 'JG1Pragr_J6', 102, 1, 'destroyed', 798720, 'VTR', 'Leyland', 'Truck', 102, 1, 0),
(1469, '1916_Missio_Allies3v1-1916.1.1-12:1:0', '13:03:07', 252933, 'J5_Mueller', 102, 1, 'destroyed', 274432, 'RWA', 'Wagon_PassA', 'Train', 102, 1, 0),
(1470, '1916_Missio_Allies3v1-1916.1.1-12:1:0', '13:03:36', -1, 'Intrinsic', 0, 0, 'crashed', 266243, 'PRE', 'Roland C.IIa', 'J2_Izra-il', 501, 2, 0),
(1471, '1916_Missio_Allies3v1-1916.1.1-12:1:0', '13:03:37', -1, 'Intrinsic', 0, 0, 'was killed', 276483, 'BOT', 'BotGunnerHCL2', 'Halberstadt CL.II gunner', 501, 2, 0),
(1472, '1916_Missio_Allies3v1-1916.1.1-12:1:0', '13:03:37', -1, 'Intrinsic', 0, 0, 'was killed', 267267, 'HUM', 'Common Bot', 'J2_Izra-il', 501, 2, 0),
(1473, '1916_Missio_Allies3v1-1916.1.1-12:1:0', '13:03:56', 252933, 'J5_Mueller', 102, 1, 'destroyed', 275456, 'RWA', 'Wagon_PassA', 'Train', 102, 1, 0),
(1474, '1916_Missio_Allies3v1-1916.1.1-12:1:0', '13:04:58', 267272, 'JG1Pragr_J6', 102, 1, 'destroyed', 552960, 'VTR', 'Leyland', 'Truck', 102, 1, 0),
(1475, '1916_Missio_Allies3v1-1916.1.1-12:1:0', '13:05:40', 279578, '', 101, 1, 'shot down', 303106, 'PRE', 'F.E.2b', '=69.GIAP=TUSHKA', 101, 1, 0),
(1476, '1916_Missio_Allies3v1-1916.1.1-12:1:0', '13:05:51', 354315, '=69GIAP=KOSHKA', 501, 2, 'shot down', 264228, 'PRE', 'Roland C.IIa', 'J18_Taeht Dewoht', 501, 2, 0),
(1477, '1916_Missio_Allies3v1-1916.1.1-12:1:0', '13:05:59', 252933, 'J5_Mueller', 102, 1, 'destroyed', 542720, 'VTR', 'Leyland', 'Truck', 102, 1, 0),
(1478, '1916_Missio_Allies3v1-1916.1.1-12:1:0', '13:06:18', 266253, 'J5_Stein', 102, 1, 'destroyed', 537600, 'VTR', 'Leyland', 'Truck', 102, 1, 0),
(1479, '1916_Missio_Allies3v1-1916.1.1-12:1:0', '13:06:52', 307228, 'LvA***Jojo', 501, 2, 'destroyed', 1235968, 'RWA', 'Wagon_Pass', 'Wagon', 501, 2, 0),
(1480, '1916_Missio_Allies3v1-1916.1.1-12:1:0', '13:06:52', 307228, 'LvA***Jojo', 501, 2, 'destroyed', 1236992, 'RWA', 'Wagon_Pass', 'Wagon', 501, 2, 0),
(1481, '1916_Missio_Allies3v1-1916.1.1-12:1:0', '13:06:52', 307228, 'LvA***Jojo', 501, 2, 'destroyed', 1238016, 'RWA', 'Wagon_Pass', 'Wagon', 501, 2, 0),
(1482, '1916_Missio_Allies3v1-1916.1.1-12:1:0', '13:07:13', 266253, 'J5_Stein', 102, 1, 'destroyed', 547840, 'VTR', 'Crossley', 'Staff car', 102, 1, 0),
(1483, '1916_Missio_Allies3v1-1916.1.1-12:1:0', '13:08:32', 307238, 'AB1 Papouchek', 102, 1, 'shot down', 74789, 'PRE', 'F.E.2b', 'AB1 Vasek', 102, 1, 0),
(1484, '1916_Missio_Allies3v1-1916.1.1-12:1:0', '13:11:01', 982016, '', 501, 2, 'shot down', 273431, 'PRE', 'Roland C.IIa', 'JG1Heinrich_J6', 501, 2, 0),
(1485, '1916_Missio_Allies3v1-1916.1.1-12:1:0', '13:11:01', 982016, '', 501, 2, 'killed', 274455, 'HUM', 'Common Bot', 'JG1Heinrich_J6', 501, 2, 0),
(1486, '1916_Missio_Allies3v1-1916.1.1-12:1:0', '13:11:01', 0, '', 501, 2, 'killed', 283671, 'BOT', 'BotGunnerHCL2', 'Halberstadt CL.II gunner', 501, 2, 0),
(1487, '1916_Missio_Allies3v1-1916.1.1-12:1:0', '13:13:02', 273426, 'JG1Baron_J6', 102, 1, 'shot down', 1008640, 'BAL', 'Caquot', 'Aerostat', 102, 1, 0),
(1488, '1916_Missio_Allies3v1-1916.1.1-12:1:0', '13:14:04', 264237, 'LvA***Biggles', 501, 2, 'destroyed', 1226752, 'RLO', 'G8', 'Train static', 501, 2, 0),
(1489, '1916_Missio_Allies3v1-1916.1.1-12:1:0', '13:14:04', 264237, 'LvA***Biggles', 501, 2, 'destroyed', 1233920, 'RWA', 'Wagon_Pass', 'Wagon', 501, 2, 0),
(1490, '1916_Missio_Allies3v1-1916.1.1-12:1:0', '13:14:04', 264237, 'LvA***Biggles', 501, 2, 'destroyed', 1232896, 'RWA', 'Wagon_G8T', 'Wagon', 501, 2, 0),
(1491, '1916_Missio_Allies3v1-1916.1.1-12:1:0', '13:14:50', 252933, 'J5_Mueller', 102, 1, 'destroyed', 517120, 'VTR', 'Leyland', 'Truck', 102, 1, 0),
(1492, '1916_Missio_Allies3v1-1916.1.1-12:1:0', '13:15:01', 0, '', 102, 1, 'destroyed', 1016832, 'LGT', 'British searchlight', 'GBR Searchlight', 102, 1, 0),
(1493, '1916_Missio_Allies3v1-1916.1.1-12:1:0', '13:15:31', 309268, 'James Baron', 102, 1, 'destroyed', 973824, 'VAA', 'thornycroftaaa', 'Vehicle', 102, 1, 0),
(1494, '1916_Missio_Allies3v1-1916.1.1-12:1:0', '13:15:54', 252933, 'J5_Mueller', 102, 1, 'destroyed', 522240, 'VTR', 'Leyland', 'Truck', 102, 1, 0),
(1495, '1916_Missio_Allies3v1-1916.1.1-12:1:0', '13:15:57', 309268, 'James Baron', 102, 1, 'destroyed', 1012736, 'VTR', 'Quad Searchlight', 'Vehicle', 102, 1, 0),
(1496, '1916_Missio_Allies3v1-1916.1.1-12:1:0', '13:16:24', 252933, 'J5_Mueller', 102, 1, 'destroyed', 532480, 'VTR', 'Leyland', 'Truck', 102, 1, 0),
(1497, '1916_Missio_Allies3v1-1916.1.1-12:1:0', '13:16:48', 309268, 'James Baron', 102, 1, 'destroyed', 982016, 'VAA', 'thornycroftaaa', 'Vehicle', 102, 1, 0),
(1498, '1916_Missio_Allies3v1-1916.1.1-12:1:0', '13:16:52', 996352, '', 501, 2, 'killed', 404483, 'BOT', 'BotGunnerHCL2', 'Halberstadt CL.II gunner', 501, 2, 0),
(1499, '1916_Missio_Allies3v1-1916.1.1-12:1:0', '13:17:01', 0, '', 501, 2, 'killed', 276493, 'BOT', 'BotGunnerHCL2', 'Halberstadt CL.II gunner', 501, 2, 0),
(1500, '1916_Missio_Allies3v1-1916.1.1-12:1:0', '13:19:13', -1, 'Intrinsic', 0, 0, 'crashed', 273426, 'PRE', 'Roland C.IIa', 'JG1Baron_J6', 501, 2, 0),
(1501, '1916_Missio_Allies3v1-1916.1.1-12:1:0', '13:23:55', -1, 'Intrinsic', 0, 0, 'self-destructed', 259072, 'VTR', 'Crossley', 'Staff car', 102, 1, 0),
(1502, '1916_Missio_Allies3v1-1916.1.1-12:1:0', '13:23:58', -1, 'Intrinsic', 0, 0, 'self-destructed', 248832, 'VTR', 'Leyland', 'Truck', 102, 1, 0),
(1503, '1916_Missio_Allies3v1-1916.1.1-12:1:0', '13:24:05', -1, 'Intrinsic', 0, 0, 'self-destructed', 253952, 'VTR', 'Leyland', 'Truck', 102, 1, 0),
(1504, '1916_Missio_Allies3v1-1916.1.1-12:1:0', '13:24:15', -1, 'Intrinsic', 0, 0, 'self-destructed', 264192, 'VAA', 'thornycroftaaa', 'Vehicle AA', 102, 1, 0),
(1505, '1916_Missio_Allies3v1-1916.1.1-12:1:0', '13:24:33', -1, 'Intrinsic', 0, 0, 'self-destructed', 442368, 'VTR', 'Crossley', 'Staff car', 102, 1, 0),
(1506, '1916_Missio_Allies3v1-1916.1.1-12:1:0', '13:24:38', -1, 'Intrinsic', 0, 0, 'self-destructed', 432128, 'VTR', 'Leyland', 'Truck', 102, 1, 0),
(1507, '1916_Missio_Allies3v1-1916.1.1-12:1:0', '13:24:51', -1, 'Intrinsic', 0, 0, 'self-destructed', 437248, 'VTR', 'Leyland', 'Truck', 102, 1, 0),
(1508, '1916_Missio_Allies3v1-1916.1.1-12:1:0', '13:25:06', -1, 'Intrinsic', 0, 0, 'self-destructed', 447488, 'VAA', 'thornycroftaaa', 'Vehicle AA', 102, 1, 0),
(1509, '1916_Missio_Allies3v1-1916.1.1-12:1:0', '13:29:23', 263193, 'J18_Voltigeur', 102, 1, 'destroyed', 187392, 'INF', 'tent01', 'HQ D', 102, 1, 0),
(1510, '1916_Missio_Allies3v1-1916.1.1-12:1:0', '13:31:27', 263193, 'J18_Voltigeur', 102, 1, 'destroyed', 185344, 'INF', 'tent_camp01', 'Block', 102, 1, 0),
(1511, '1916_Missio_Allies3v1-1916.1.1-12:1:0', '13:32:06', 315430, 'AB1 Papouchek', 501, 2, 'shot down', 279596, 'PRE', 'Roland C.IIa', 'J18_HVO', 501, 2, 0),
(1512, '1916_Missio_Allies3v1-1916.1.1-12:1:0', '13:32:09', -1, 'Intrinsic', 0, 0, 'was killed', 292916, 'BOT', 'BotGunnerHCL2', 'Halberstadt CL.II gunner', 501, 2, 0),
(1513, '1916_Missio_Allies3v1-1916.1.1-12:1:0', '13:32:09', -1, 'Intrinsic', 0, 0, 'was killed', 280620, 'HUM', 'Common Bot', 'J18_HVO', 501, 2, 0),
(1514, '1916_Missio_Allies3v1-1916.1.1-12:1:0', '13:34:10', 370703, 'LvA***Jumper', 501, 2, 'destroyed', 1447936, 'VTR', 'DaimlerMarienfelde_S', 'Truck', 501, 2, 0),
(1515, '1916_Missio_Allies3v1-1916.1.1-12:1:0', '13:35:34', 267293, 'LvA**RoodeDuivel', 501, 2, 'destroyed', 1458176, 'VTR', 'DaimlerMarienfelde', 'Truck', 501, 2, 0),
(1516, '1916_Missio_Allies3v1-1916.1.1-12:1:0', '13:36:45', 50202, 'J18 Graser F.', 501, 2, 'shot down', 336943, 'PFI', 'Nieuport 11.C1', 'Spa 124 Le Dom', 102, 1, 0),
(1517, '1916_Missio_Allies3v1-1916.1.1-12:1:0', '13:37:10', 370703, 'LvA***Jumper', 501, 2, 'destroyed', 1453056, 'VTR', 'Merc22', 'Staff car', 501, 2, 0),
(1518, '1916_Missio_Allies3v1-1916.1.1-12:1:0', '13:37:44', 50202, 'J18 Graser F.', 501, 2, 'killed', 337967, 'HUM', 'Common Bot', 'Spa 124 Le Dom', 102, 1, 0),
(1519, '1916_Missio_Allies3v1-1916.1.1-12:1:0', '13:38:02', 315430, 'AB1 Papouchek', 102, 1, 'shot down', 263193, 'PRE', 'Roland C.IIa', 'J18_Voltigeur', 501, 2, 0),
(1520, '1916_Missio_Allies3v1-1916.1.1-12:1:0', '13:38:36', 290862, 'LvA***Pod', 501, 2, 'destroyed', 1442816, 'VTR', 'DaimlerMarienfelde_S', 'Truck', 501, 2, 0),
(1599, '1916_Mission 1v2-1916.1.1-8:1:0', '08:10:03', -1, 'Intrinsic', 0, 0, 'was killed', 312380, 'BOT', 'BotGunnerFe2_sing', 'F.E.2b gunner', 101, 1, 0),
(1600, '1916_Mission 1v2-1916.1.1-8:1:0', '08:10:37', 293950, 'J5_Stein', 501, 2, 'destroyed', 293950, 'PRE', 'Roland C.IIa', 'J5_Stein', 501, 2, 0),
(1601, '1916_Mission 1v2-1916.1.1-8:1:0', '08:10:37', 293950, 'J5_Stein', 501, 2, 'killed', 294974, 'HUM', 'Common Bot', 'J5_Stein', 501, 2, 0),
(1602, '1916_Mission 1v2-1916.1.1-8:1:0', '08:10:37', 293950, 'J5_Stein', 501, 2, 'killed', 304190, 'BOT', 'BotGunnerHCL2', 'Halberstadt CL.II gunner', 501, 2, 0),
(1603, '1916_Mission 1v2-1916.1.1-8:1:0', '08:23:22', 274500, '=69.GIAP=STENKA', 501, 2, 'killed', 359466, 'BOT', 'BotGunnerHCL2', 'Halberstadt CL.II gunner', 501, 2, 0),
(1604, '1916_Mission 1v2-1916.1.1-8:1:0', '08:23:54', -1, 'Intrinsic', 0, 0, 'was killed', 265219, 'BOT', 'BotGunnerHCL2', 'Halberstadt CL.II gunner', 501, 2, 0),
(1605, '1916_Mission 1v2-1916.1.1-8:1:0', '08:27:02', 274500, '=69.GIAP=STENKA', 102, 1, 'shot down', 254979, 'PRE', 'Roland C.IIa', 'AB1 Richard', 501, 2, 0),
(1606, '1916_Mission 1v2-1916.1.1-8:1:0', '08:29:53', 269341, '=69.GIAP=TUSHKA', 501, 2, 'destroyed', 1090560, 'VTR', 'Merc22', 'Staff car', 501, 2, 0),
(1607, '1916_Mission 1v2-1916.1.1-8:1:0', '08:30:19', 269341, '=69.GIAP=TUSHKA', 501, 2, 'destroyed', 1085440, 'VTR', 'DaimlerMarienfelde_S', 'Truck', 501, 2, 0),
(1608, '1916_Mission 1v2-1916.1.1-8:1:0', '08:30:39', 268353, '=69.GIAP=OZABO', 501, 2, 'destroyed', 1080320, 'VTR', 'DaimlerMarienfelde_S', 'Truck', 501, 2, 0),
(1609, '1916_Mission 1v2-1916.1.1-8:1:0', '08:31:09', 269341, '=69.GIAP=TUSHKA', 501, 2, 'destroyed', 1095680, 'VAA', 'DaimlerAAA', 'Vehicle AA', 501, 2, 0),
(1610, '1916_Mission 1v2-1916.1.1-8:1:0', '08:33:13', 358442, 'AB1 Filip', 501, 2, 'shot down', 265284, 'PRE', 'F.E.2b', '=69.GIAP=STENKA', 102, 1, 0),
(1611, '1916_Mission 1v2-1916.1.1-8:1:0', '08:34:52', -1, 'Intrinsic', 0, 0, 'self-destructed', 1648640, 'VTR', 'Merc22', 'Staff car', 501, 2, 0),
(1612, '1916_Mission 1v2-1916.1.1-8:1:0', '08:34:56', -1, 'Intrinsic', 0, 0, 'self-destructed', 1638400, 'VTR', 'DaimlerMarienfelde_S', 'Truck', 501, 2, 0),
(1613, '1916_Mission 1v2-1916.1.1-8:1:0', '08:35:08', -1, 'Intrinsic', 0, 0, 'self-destructed', 1643520, 'VTR', 'DaimlerMarienfelde_S', 'Truck', 501, 2, 0),
(1614, '1916_Mission 1v2-1916.1.1-8:1:0', '08:35:22', -1, 'Intrinsic', 0, 0, 'self-destructed', 1653760, 'VAA', 'DaimlerAAA', 'Vehicle AA', 501, 2, 0),
(1615, '1916_Mission 1v2-1916.1.1-8:1:0', '08:36:40', 264253, 'AB1 Papouchek', 102, 1, 'destroyed', 243712, 'RWA', 'Wagon_Pass', 'Wagon', 102, 1, 0),
(1616, '1916_Mission 1v2-1916.1.1-8:1:0', '08:36:40', 264253, 'AB1 Papouchek', 102, 1, 'destroyed', 244736, 'RWA', 'Wagon_Pass', 'Wagon', 102, 1, 0),
(1617, '1916_Mission 1v2-1916.1.1-8:1:0', '08:38:12', -1, 'Intrinsic', 0, 0, 'self-destructed', 1672192, 'VTR', 'Merc22', 'Staff car', 501, 2, 0),
(1618, '1916_Mission 1v2-1916.1.1-8:1:0', '08:38:13', -1, 'Intrinsic', 0, 0, 'self-destructed', 1661952, 'VTR', 'DaimlerMarienfelde_S', 'Truck', 501, 2, 0),
(1619, '1916_Mission 1v2-1916.1.1-8:1:0', '08:38:19', -1, 'Intrinsic', 0, 0, 'self-destructed', 1667072, 'VTR', 'DaimlerMarienfelde_S', 'Truck', 501, 2, 0),
(1620, '1916_Mission 1v2-1916.1.1-8:1:0', '08:38:26', -1, 'Intrinsic', 0, 0, 'self-destructed', 1677312, 'VAA', 'DaimlerAAA', 'Vehicle AA', 501, 2, 0),
(1621, '1916_Mission 1v2-1916.1.1-8:1:0', '08:39:29', 264253, 'AB1 Papouchek', 102, 1, 'destroyed', 246784, 'RWA', 'Wagon_Pass', 'Wagon', 102, 1, 0),
(1622, '1916_Mission 1v2-1916.1.1-8:1:0', '08:39:47', 264253, 'AB1 Papouchek', 102, 1, 'destroyed', 245760, 'RWA', 'Wagon_Pass', 'Wagon', 102, 1, 0),
(1623, '1916_Mission 1v2-1916.1.1-8:1:0', '08:40:32', 264253, 'AB1 Papouchek', 102, 1, 'destroyed', 300032, 'RWA', 'Wagon_Pass', 'Wagon', 102, 1, 0),
(1624, '1916_Mission 1v2-1916.1.1-8:1:0', '08:40:35', 269341, '=69.GIAP=TUSHKA', 501, 2, 'destroyed', 2013184, 'VTR', 'DaimlerMarienfelde_S', 'Truck', 501, 2, 0),
(1625, '1916_Mission 1v2-1916.1.1-8:1:0', '08:40:35', 269341, '=69.GIAP=TUSHKA', 501, 2, 'destroyed', 2018304, 'VTR', 'DaimlerMarienfelde_S', 'Truck', 501, 2, 0),
(1626, '1916_Mission 1v2-1916.1.1-8:1:0', '08:40:35', 269341, '=69.GIAP=TUSHKA', 501, 2, 'destroyed', 2028544, 'VTR', 'DaimlerMarienfelde', 'Truck', 501, 2, 0),
(1627, '1916_Mission 1v2-1916.1.1-8:1:0', '08:42:51', 264253, 'AB1 Papouchek', 102, 1, 'destroyed', 247808, 'RWA', 'Wagon_Pass', 'Wagon', 102, 1, 0),
(1628, '1916_Mission 1v2-1916.1.1-8:1:0', '08:43:45', 362503, 'AB1 Vasek', 102, 1, 'destroyed', 236544, 'RLO', 'G8', 'Train moving', 102, 1, 0),
(1629, '1916_Mission 1v2-1916.1.1-8:1:0', '08:44:32', 264253, 'AB1 Papouchek', 102, 1, 'destroyed', 302080, 'RWA', 'Wagon_Pass', 'Wagon', 102, 1, 0),
(1630, '1916_Mission 1v2-1916.1.1-8:1:0', '08:44:46', 268353, '=69.GIAP=OZABO', 501, 2, 'destroyed', 1513472, 'RWA', 'Wagon_Pass', 'Wagon', 501, 2, 0),
(1631, '1916_Mission 1v2-1916.1.1-8:1:0', '08:44:46', 268353, '=69.GIAP=OZABO', 501, 2, 'destroyed', 1514496, 'RWA', 'Wagon_Pass', 'Wagon', 501, 2, 0),
(1632, '1916_Mission 1v2-1916.1.1-8:1:0', '08:44:47', 268353, '=69.GIAP=OZABO', 501, 2, 'destroyed', 1515520, 'RWA', 'Wagon_Pass', 'Wagon', 501, 2, 0),
(1633, '1916_Mission 1v2-1916.1.1-8:1:0', '08:46:05', 264253, 'AB1 Papouchek', 102, 1, 'destroyed', 301056, 'RWA', 'Wagon_Pass', 'Wagon', 102, 1, 0),
(1634, '1916_Mission 1v2-1916.1.1-8:1:0', '08:46:07', 264253, 'AB1 Papouchek', 102, 1, 'destroyed', 299008, 'RWA', 'Wagon_Pass', 'Wagon', 102, 1, 0),
(1635, '1916_Mission 1v2-1916.1.1-8:1:0', '08:46:41', 268353, '=69.GIAP=OZABO', 501, 2, 'destroyed', 1504256, 'RLO', 'G8', 'Train moving', 501, 2, 0),
(1636, '1916_Mission 1v2-1916.1.1-8:1:0', '08:48:35', 362503, 'AB1 Vasek', 102, 1, 'destroyed', 303104, 'RWA', 'Wagon_Pass', 'Wagon', 102, 1, 0),
(1637, '1916_Mission 1v2-1916.1.1-8:1:0', '08:49:08', 264253, 'AB1 Papouchek', 102, 1, 'destroyed', 291840, 'RLO', 'G8', 'Train static', 102, 1, 0),
(1638, '1916_Mission 1v2-1916.1.1-8:1:0', '08:51:05', 295994, 'JG1Pragr_J6', 102, 1, 'destroyed', 537600, 'VTR', 'Leyland', 'Truck', 102, 1, 0),
(1639, '1916_Mission 1v2-1916.1.1-8:1:0', '08:51:20', 261148, 'J5_Vorlander', 102, 1, 'destroyed', 552960, 'VTR', 'Leyland', 'Truck', 102, 1, 0),
(1640, '1916_Mission 1v2-1916.1.1-8:1:0', '08:51:54', 295994, 'JG1Pragr_J6', 102, 1, 'destroyed', 542720, 'VTR', 'Leyland', 'Truck', 102, 1, 0),
(1641, '1916_Mission 1v2-1916.1.1-8:1:0', '08:52:04', 266271, 'J5_Mueller', 102, 1, 'destroyed', 547840, 'VTR', 'Crossley', 'Staff car', 102, 1, 0),
(1642, '1916_Mission 1v2-1916.1.1-8:1:0', '08:53:41', -1, 'Intrinsic', 0, 0, 'was killed', 279604, 'BOT', 'BotGunnerHCL2', 'Halberstadt CL.II gunner', 501, 2, 0),
(1643, '1916_Mission 1v2-1916.1.1-8:1:0', '08:54:01', 328727, 'J18 Graser F.', 501, 2, 'shot down', 267296, 'PRE', 'Roland C.IIa', 'J18_Mika Sperber', 501, 2, 0),
(1644, '1916_Mission 1v2-1916.1.1-8:1:0', '08:54:01', 328727, 'J18 Graser F.', 501, 2, 'killed', 268320, 'HUM', 'Common Bot', 'J18_Mika Sperber', 501, 2, 0),
(1645, '1916_Mission 1v2-1916.1.1-8:1:0', '08:54:06', -1, 'Intrinsic', 0, 0, 'was killed', 329751, 'BOT', 'BotGunnerHCL2', 'Halberstadt CL.II gunner', 501, 2, 0),
(1646, '1916_Mission 1v2-1916.1.1-8:1:0', '08:54:11', -1, 'Intrinsic', 0, 0, 'was killed', 276505, 'BOT', 'BotGunnerHCL2', 'Halberstadt CL.II gunner', 501, 2, 0),
(1647, '1916_Mission 1v2-1916.1.1-8:1:0', '08:56:37', 266265, 'Otto Von Cro', 501, 2, 'shot down', 311351, 'PRE', 'F.E.2b', 'JaVA_KEBEN', 101, 1, 0),
(1648, '1916_Mission 1v2-1916.1.1-8:1:0', '08:56:48', 261141, 'J18_Taeht Dewoht', 101, 1, 'shot down', 304181, 'PRE', 'F.E.2b', 'LvA***Biggles', 101, 1, 0),
(1649, '1916_Mission 1v2-1916.1.1-8:1:0', '08:56:56', -1, 'Intrinsic', 0, 0, 'was killed', 237627, 'BOT', 'BotGunnerBreguet14', 'gunner', 101, 1, 0),
(1650, '1916_Mission 1v2-1916.1.1-8:1:0', '08:56:57', -1, 'Intrinsic', 0, 0, 'was killed', 312373, 'HUM', 'Common Bot', 'LvA***Biggles', 101, 1, 0),
(1651, '1916_Mission 1v2-1916.1.1-8:1:0', '08:57:10', 268353, '=69.GIAP=OZABO', 501, 2, 'destroyed', 1259520, 'RWA', 'Wagon_Pass', 'Wagon', 501, 2, 0),
(1652, '1916_Mission 1v2-1916.1.1-8:1:0', '08:57:10', 268353, '=69.GIAP=OZABO', 501, 2, 'destroyed', 1260544, 'RWA', 'Wagon_Pass', 'Wagon', 501, 2, 0),
(1653, '1916_Mission 1v2-1916.1.1-8:1:0', '08:57:10', 268353, '=69.GIAP=OZABO', 501, 2, 'destroyed', 1261568, 'RWA', 'Wagon_Pass', 'Wagon', 501, 2, 0),
(1654, '1916_Mission 1v2-1916.1.1-8:1:0', '08:57:12', 268353, '=69.GIAP=OZABO', 501, 2, 'destroyed', 1258496, 'RWA', 'Wagon_Pass', 'Wagon', 501, 2, 0),
(1655, '1916_Mission 1v2-1916.1.1-8:1:0', '08:57:39', -1, 'Intrinsic', 0, 0, 'was killed', 290876, 'BOT', 'BotGunnerFe2_sing', 'F.E.2b gunner', 101, 1, 0),
(1656, '1916_Mission 1v2-1916.1.1-8:1:0', '08:57:43', 265285, '=69.GIAP=VLADI', 501, 2, 'destroyed', 1256448, 'RWA', 'Wagon_G8T', 'Wagon', 501, 2, 0),
(1657, '1916_Mission 1v2-1916.1.1-8:1:0', '08:57:43', 265285, '=69.GIAP=VLADI', 501, 2, 'destroyed', 1257472, 'RWA', 'Wagon_Pass', 'Wagon', 501, 2, 0),
(1658, '1916_Mission 1v2-1916.1.1-8:1:0', '08:59:32', 265285, '=69.GIAP=VLADI', 501, 2, 'destroyed', 1250304, 'RLO', 'G8', 'Train static', 501, 2, 0),
(1659, '1916_Mission 1v2-1916.1.1-8:1:0', '08:59:48', -1, 'Intrinsic', 0, 0, 'crashed', 266271, 'PRE', 'Roland C.IIa', 'J5_Mueller', 501, 2, 0),
(1660, '1916_Mission 1v2-1916.1.1-8:1:0', '08:59:54', -1, 'Intrinsic', 0, 0, 'was killed', 267295, 'HUM', 'Common Bot', 'J5_Mueller', 501, 2, 0),
(1661, '1916_Mission 1v2-1916.1.1-8:1:0', '08:59:54', -1, 'Intrinsic', 0, 0, 'was killed', 276511, 'BOT', 'BotGunnerHCL2', 'Halberstadt CL.II gunner', 501, 2, 0),
(1662, '1916_Mission 1v2-1916.1.1-8:1:0', '09:05:22', 360490, 'AB1 Filip', 501, 2, 'shot down', 267328, 'PRE', 'F.E.2b', 'LvA**RoodeDuivel', 102, 1, 0),
(1663, '1916_Mission 1v2-1916.1.1-8:1:0', '09:05:54', -1, 'Intrinsic', 0, 0, 'was killed', 349204, 'BOT', 'BotGunnerBreguet14', 'gunner', 102, 1, 0),
(1664, '1916_Mission 1v2-1916.1.1-8:1:0', '09:06:38', 295994, 'JG1Pragr_J6', 102, 1, 'killed', 279615, 'BOT', 'BotGunnerBreguet14', 'gunner', 102, 1, 0),
(1665, '1916_Mission 1v2-1916.1.1-8:1:0', '09:23:18', 271384, 'JG1Thomas_J6', 102, 1, 'shot down', 268353, 'PRE', 'F.E.2b', '=69.GIAP=OZABO', 102, 1, 0),
(1666, '1916_Mission 1v2-1916.1.1-8:1:0', '09:23:29', 261128, 'J5_Numm', 501, 2, 'killed', 269377, 'HUM', 'Common Bot', '=69.GIAP=OZABO', 102, 1, 0),
(1667, '1916_Mission 1v2-1916.1.1-8:1:0', '09:23:29', -1, 'Intrinsic', 0, 0, 'was killed', 264193, 'BOT', 'BotGunnerFe2_sing', 'F.E.2b gunner', 102, 1, 0),
(1668, '1916_Mission 1v2-1916.1.1-8:1:0', '09:24:00', -1, 'Intrinsic', 0, 0, 'was killed', 278593, 'BOT', 'BotGunnerFe2_sing', 'F.E.2b gunner', 102, 1, 0),
(1669, '1916_Mission 1v2-1916.1.1-8:1:0', '09:24:23', -1, 'Intrinsic', 0, 0, 'self-destructed', 259072, 'VTR', 'Crossley', 'Staff car', 102, 1, 0),
(1670, '1916_Mission 1v2-1916.1.1-8:1:0', '09:24:26', -1, 'Intrinsic', 0, 0, 'self-destructed', 248832, 'VTR', 'Leyland', 'Truck', 102, 1, 0),
(1671, '1916_Mission 1v2-1916.1.1-8:1:0', '09:24:33', -1, 'Intrinsic', 0, 0, 'self-destructed', 253952, 'VTR', 'Leyland', 'Truck', 102, 1, 0),
(1672, '1916_Mission 1v2-1916.1.1-8:1:0', '09:24:42', -1, 'Intrinsic', 0, 0, 'self-destructed', 264192, 'VAA', 'thornycroftaaa', 'Vehicle AA', 102, 1, 0),
(1673, '1916_Mission 1v2-1916.1.1-8:1:0', '09:34:51', -1, 'Intrinsic', 0, 0, 'self-destructed', 442368, 'VTR', 'Crossley', 'Staff car', 102, 1, 0),
(1674, '1916_Mission 1v2-1916.1.1-8:1:0', '09:34:55', -1, 'Intrinsic', 0, 0, 'self-destructed', 432128, 'VTR', 'Leyland', 'Truck', 102, 1, 0),
(1675, '1916_Mission 1v2-1916.1.1-8:1:0', '09:35:07', -1, 'Intrinsic', 0, 0, 'self-destructed', 437248, 'VTR', 'Leyland', 'Truck', 102, 1, 0),
(1676, '1916_Mission 1v2-1916.1.1-8:1:0', '09:35:22', -1, 'Intrinsic', 0, 0, 'self-destructed', 447488, 'VAA', 'thornycroftaaa', 'Vehicle AA', 102, 1, 0);

-- --------------------------------------------------------

--
-- Table structure for table `rof_models`
--

DROP TABLE IF EXISTS `rof_models`;
CREATE TABLE IF NOT EXISTS `rof_models` (
  `model` varchar(45) NOT NULL,
  PRIMARY KEY (`model`)
) ENGINE=InnoDB DEFAULT CHARSET=utf8;

--
-- Dumping data for table `rof_models`
--

INSERT INTO `rof_models` (`model`) VALUES
('albatrosd5'),
('brequet14'),
('dfc5'),
('felixf2a'),
('fokkerd7'),
('gothag5');

-- --------------------------------------------------------

--
-- Table structure for table `rof_object_properties`
--

DROP TABLE IF EXISTS `rof_object_properties`;
CREATE TABLE IF NOT EXISTS `rof_object_properties` (
  `id` smallint(1) unsigned NOT NULL AUTO_INCREMENT,
  `object_type` varchar(50) NOT NULL,
  `object_class` varchar(8) NOT NULL,
  `object_value` smallint(1) NOT NULL,
  PRIMARY KEY (`id`),
  UNIQUE KEY `object_type` (`object_type`)
) ENGINE=InnoDB  DEFAULT CHARSET=utf8 AUTO_INCREMENT=236 ;

--
-- Dumping data for table `rof_object_properties`
--

INSERT INTO `rof_object_properties` (`id`, `object_type`, `object_class`, `object_value`) VALUES
(1, '13PdrAAA', 'AAA', 80),
(2, '13PrdaaaAttached', 'AAA', 80),
(3, '45QF', 'ART', 100),
(4, '75FG1897', 'ART', 100),
(5, '77mmAAA', 'AAA', 80),
(6, '77mmAAAAttached', 'AAA', 80),
(7, 'A7V', 'T', 100),
(8, 'AeType', 'BAL', 50),
(9, 'Airco D.H.2', 'PFI', 100),
(10, 'Airco D.H.4', 'PRE', 200),
(11, 'Albatros D.II', 'PFI', 100),
(12, 'Albatros D.II lt', 'PFI', 100),
(13, 'Albatros D.III', 'PFI', 100),
(14, 'Albatros D.Va', 'PFI', 100),
(15, 'Benz Searchlight', 'VTR', 50),
(16, 'benz_open', 'VTR', 50),
(17, 'benz_p', 'VTR', 50),
(18, 'benz_soft', 'VTR', 50),
(19, 'BotBoatSwain', 'BOT', 0),
(20, 'BotGunner', 'BOT', 0),
(21, 'BotGunnerBacker', 'BOT', 0),
(22, 'BotGunnerBreguet14', 'BOT', 0),
(23, 'BotGunnerBreguet14_1', 'BOT', 0),
(24, 'BotGunnerBW12', 'BOT', 0),
(25, 'BotGunnerDavis', 'BOT', 0),
(26, 'BotGunnerFe2_sing', 'BOT', 0),
(27, 'BotGunnerFelix_top-twin', 'BOT', 0),
(28, 'BotGunnerG5_1', 'BOT', 0),
(29, 'BotGunnerG5_2', 'BOT', 0),
(30, 'BotGunnerHCL2', 'BOT', 0),
(31, 'BotGunnerHP400_1', 'BOT', 0),
(32, 'BotGunnerHP400_2', 'BOT', 0),
(33, 'BotGunnerHP400_2_WM', 'BOT', 0),
(34, 'BotGunnerHP400_3', 'BOT', 0),
(35, 'BotGunnerRE8', 'BOT', 0),
(36, 'Brandenburg W12', 'PSE', 200),
(37, 'Breguet 14.B2', 'PRE', 200),
(38, 'bridge_hw110', 'INF', 0),
(39, 'bridge_hw130', 'INF', 0),
(40, 'bridge_hw150', 'INF', 0),
(41, 'bridge_hw170', 'INF', 0),
(42, 'bridge_hw190', 'INF', 0),
(43, 'bridge_hw40', 'INF', 0),
(44, 'bridge_hw70', 'INF', 0),
(45, 'bridge_hw90', 'INF', 0),
(46, 'bridge_rr110', 'INF', 0),
(47, 'bridge_rr130', 'INF', 0),
(48, 'bridge_rr150', 'INF', 0),
(49, 'bridge_rr170', 'INF', 0),
(50, 'bridge_rr190', 'INF', 0),
(51, 'bridge_rr70', 'INF', 0),
(52, 'bridge_rr90', 'INF', 0),
(53, 'Bristol F2B (F.II)', 'PRE', 200),
(54, 'Bristol F2B (F.III)', 'PRE', 200),
(55, 'British naval 12pdr gun', 'NAR', 0),
(56, 'British naval 4in AAA gun', 'NAA', 80),
(57, 'British naval 4in gun', 'NAR', 0),
(58, 'British navel 6in gun', 'NAR', 0),
(59, 'Ca1', 'T', 100),
(60, 'CappyChateau', 'INF', 0),
(61, 'Caquot', 'BAL', 50),
(62, 'Cargo Ship', 'STR', 300),
(63, 'churchE_01', 'INF', 0),
(64, 'Common Bot', 'HUM', 0),
(65, 'Crossley', 'VTR', 50),
(66, 'DaimlerAAA', 'VAA', 80),
(67, 'DaimlerMarienfelde', 'VTR', 50),
(68, 'DaimlerMarienfelde_S', 'VTR', 50),
(69, 'DFW C.V', 'PRE', 200),
(70, 'Drachen', 'BAL', 50),
(71, 'F.E.2b', 'PRE', 200),
(72, 'F17M', 'T', 100),
(73, 'factory_01', 'INF', 0),
(74, 'factory_02', 'INF', 0),
(75, 'factory_03', 'INF', 0),
(76, 'factory_04', 'INF', 0),
(77, 'factory_05', 'INF', 0),
(78, 'factory_06', 'INF', 0),
(79, 'factory_07', 'INF', 0),
(80, 'factory_08', 'INF', 0),
(81, 'Felixstowe F2A', 'PSE', 200),
(82, 'FK96', 'ART', 100),
(83, 'Flag', 'FLG', 0),
(84, 'Fokker D.VII', 'PFI', 100),
(85, 'Fokker D.VIIF', 'PFI', 100),
(86, 'Fokker D.VIII', 'PFI', 100),
(87, 'Fokker Dr.I', 'PFI', 100),
(88, 'Fokker E.III', 'PFI', 100),
(89, 'FrpenicheAAA', 'SAA', 80),
(90, 'fr_lrg', 'INF', 0),
(91, 'fr_med', 'INF', 0),
(92, 'FT17C', 'T', 100),
(93, 'G8', 'RLO', 50),
(94, 'GBR Searchlight', 'LGT', 50),
(95, 'GER light cruiser', 'SCR', 1000),
(96, 'GER Ship Searchlight', 'LGT', 50),
(97, 'GER submarine', 'SSU', 500),
(98, 'German naval 105mm gun', 'NAR', 0),
(99, 'German naval 52mm gun', 'NAR', 0),
(100, 'GERpenicheAAA', 'SAA', 80),
(101, 'ger_lrg', 'INF', 0),
(102, 'ger_med', 'INF', 0),
(103, 'Gotha G.V', 'PBO', 200),
(104, 'gunpos01', 'INF', 0),
(105, 'gunpos_g01', 'INF', 0),
(106, 'Halberstadt CL.II', 'PRE', 200),
(107, 'Halberstadt CL.II 200hp', 'PRE', 200),
(108, 'Halberstadt D.II', 'PFI', 100),
(109, 'Handley Page 0-400', 'PBO', 200),
(110, 'HMS light cruiser', 'SCR', 1000),
(111, 'HMS Ship Searchlight', 'LGT', 50),
(112, 'HMS submarine', 'SSU', 500),
(113, 'Hotchkiss', 'IMG', 50),
(114, 'HotchkissAAA', 'IMA', 80),
(115, 'Leyland', 'VTR', 50),
(116, 'LeylandS', 'VTR', 50),
(117, 'LMG08AAA', 'IMA', 80),
(118, 'LMGO8', 'IMG', 50),
(119, 'M-Flak', 'IMA', 80),
(120, 'm13', 'ART', 100),
(121, 'Merc22', 'VTR', 50),
(122, 'Mk4F', 'T', 100),
(123, 'Mk4FGER', 'T', 100),
(124, 'Mk4M', 'T', 100),
(125, 'MK4MGER', 'T', 100),
(126, 'Mk5F', 'T', 100),
(127, 'Mk5M', 'T', 100),
(128, 'Nieuport 11.C1', 'PFI', 100),
(129, 'Nieuport 17.C1', 'PFI', 100),
(130, 'Nieuport 17.C1 GBR', 'PFI', 100),
(131, 'Nieuport 28.C1', 'PFI', 100),
(132, 'Parseval', 'BAL', 50),
(133, 'Passenger Ship', 'SPA', 300),
(134, 'Pfalz D.IIIa', 'PFI', 100),
(135, 'Pfalz D.XII', 'PFI', 100),
(136, 'pillbox01', 'INF', 0),
(137, 'pillbox02', 'INF', 0),
(138, 'pillbox03', 'INF', 0),
(139, 'pillbox04', 'INF', 0),
(140, 'Portal', 'INF', 0),
(141, 'Quad', 'VTR', 50),
(142, 'Quad Searchlight', 'VTR', 50),
(143, 'QuadA', 'VTR', -50),
(144, 'R.E.8', 'PRE', 200),
(145, 'railwaystation_1', 'INF', 0),
(146, 'railwaystation_2', 'INF', 0),
(147, 'railwaystation_3', 'INF', 0),
(148, 'railwaystation_4', 'INF', 0),
(149, 'railwaystation_5', 'INF', 0),
(150, 'river_airbase', 'INF', 0),
(151, 'river_airbase2', 'INF', 0),
(152, 'river_airbase3', 'INF', 0),
(153, 'Roland C.IIa', 'PRE', 200),
(154, 'Roucourt', 'INF', 0),
(155, 'rwstation', 'INF', 0),
(156, 'S.E.5a', 'PFI', 100),
(157, 'ship_stat_cargo', 'STR', 150),
(158, 'ship_stat_pass', 'SPA', 150),
(159, 'ship_stat_tank', 'STR', 150),
(160, 'Sopwith Camel', 'PFI', 100),
(161, 'Sopwith Dolphin', 'PFI', 100),
(162, 'Sopwith Pup', 'PFI', 100),
(163, 'Sopwith Triplane', 'PFI', 100),
(164, 'SPAD 13.C1', 'PFI', 100),
(165, 'SPAD 7.C1 150hp', 'PFI', 100),
(166, 'SPAD 7.C1 180hp', 'PFI', 100),
(167, 'StChamond', 'T', 100),
(168, 'Tanker Ship', 'STR', 300),
(169, 'tent01', 'INF', 1000),
(170, 'tent02', 'INF', 0),
(171, 'tent03', 'INF', 0),
(172, 'tent_camp01', 'INF', 0),
(173, 'tent_camp02', 'INF', 0),
(174, 'tent_camp03', 'INF', 0),
(175, 'tent_camp04', 'INF', 0),
(176, 'thornycroftaaa', 'VAA', 80),
(177, 'TurretBreguet14_1', 'TUR', 0),
(178, 'TurretBristolF2BF2_1_WM2', 'TUR', 0),
(179, 'TurretBristolF2BF3_1_WM2', 'TUR', 0),
(180, 'TurretBristolF2B_1', 'TUR', 0),
(181, 'TurretBW12_1', 'TUR', 0),
(182, 'TurretBW12_1_WM_Becker_AP', 'TUR', 0),
(183, 'TurretBW12_1_WM_Becker_HE', 'TUR', 0),
(184, 'TurretBW12_1_WM_Becker_HEAP', 'TUR', 0),
(185, 'TurretBW12_1_WM_Twin_Parabellum', 'TUR', 0),
(186, 'TurretDFWC_1', 'TUR', 0),
(187, 'TurretDFWC_1_WM_Becker_AP', 'TUR', 0),
(188, 'TurretDFWC_1_WM_Becker_HE', 'TUR', 0),
(189, 'TurretDFWC_1_WM_Becker_HEAP', 'TUR', 0),
(190, 'TurretDFWC_1_WM_Twin_Parabellum', 'TUR', 0),
(191, 'TurretDH4_1', 'TUR', 0),
(192, 'TurretDH4_1_WM', 'TUR', 0),
(193, 'TurretFe2b_1', 'TUR', 0),
(194, 'TurretFe2b_1_WM', 'TUR', 0),
(195, 'TurretFelixF2A_2', 'TUR', 0),
(196, 'TurretFelixF2A_3', 'TUR', 0),
(197, 'TurretFelixF2A_3_WM', 'TUR', 0),
(198, 'TurretGothaG5_1', 'TUR', 0),
(199, 'TurretGothaG5_1_WM_Becker_AP', 'TUR', 0),
(200, 'TurretGothaG5_1_WM_Becker_HE', 'TUR', 0),
(201, 'TurretGothaG5_1_WM_Becker_HEAP', 'TUR', 0),
(202, 'TurretGothaG5_2', 'TUR', 0),
(203, 'TurretGothaG5_2_WM_Twin_Parabellum', 'TUR', 0),
(204, 'TurretHalberstadtCL2au_1', 'TUR', 0),
(205, 'TurretHalberstadtCL2au_1_WM_TwinPar', 'TUR', 0),
(206, 'TurretHalberstadtCL2_1', 'TUR', 0),
(207, 'TurretHalberstadtCL2_1_WM_TwinPar', 'TUR', 0),
(208, 'TurretHP400_1', 'TUR', 0),
(209, 'TurretHP400_1_WM', 'TUR', 0),
(210, 'TurretHP400_2', 'TUR', 0),
(211, 'TurretHP400_2_WM', 'TUR', 0),
(212, 'TurretHP400_3', 'TUR', 0),
(213, 'TurretRE8_1', 'TUR', 0),
(214, 'TurretRE8_1_WM', 'TUR', 0),
(215, 'TurretRolandC2a_1', 'TUR', 0),
(216, 'TurretRolandC2a_1_WM_TwinPar', 'TUR', 0),
(217, 'Wagon_BoxB', 'RWA', 25),
(218, 'Wagon_BoxNB', 'RWA', 25),
(219, 'Wagon_G8T', 'RWA', 25),
(220, 'Wagon_GondolaB', 'RWA', 25),
(221, 'Wagon_GondolaNB', 'RWA', 25),
(222, 'Wagon_Pass', 'RWA', 25),
(223, 'Wagon_PassA', 'RWA', -25),
(224, 'Wagon_PassAC', 'RWA', 25),
(225, 'Wagon_PassC', 'RWA', 25),
(226, 'Wagon_PlatformA7V', 'RWA', 25),
(227, 'Wagon_PlatformB', 'RWA', 25),
(228, 'Wagon_PlatformEmptyB', 'RWA', 25),
(229, 'Wagon_PlatformEmptyNB', 'RWA', 25),
(230, 'Wagon_PlatformMk4', 'RWA', 25),
(231, 'Wagon_PlatformNB', 'RWA', 25),
(232, 'Wagon_TankB', 'RWA', 25),
(233, 'Wagon_TankNB', 'RWA', 25),
(234, 'Whippet', 'T', 100),
(235, 'Windsock', 'FLG', 0);

-- --------------------------------------------------------

--
-- Table structure for table `rof_object_roles`
--

DROP TABLE IF EXISTS `rof_object_roles`;
CREATE TABLE IF NOT EXISTS `rof_object_roles` (
  `id` tinyint(3) unsigned NOT NULL AUTO_INCREMENT,
  `unit_class` varchar(8) DEFAULT NULL,
  `role_description` varchar(30) DEFAULT NULL,
  PRIMARY KEY (`id`),
  UNIQUE KEY `unit_class` (`unit_class`),
  UNIQUE KEY `role_description` (`role_description`)
) ENGINE=InnoDB  DEFAULT CHARSET=utf8 AUTO_INCREMENT=35 ;

--
-- Dumping data for table `rof_object_roles`
--

INSERT INTO `rof_object_roles` (`id`, `unit_class`, `role_description`) VALUES
(1, 'AAA', 'Artillery:Anti-Aircraft'),
(2, 'ART', 'Artillery'),
(3, 'BOT', 'Bot'),
(4, 'HUM', 'Human'),
(5, 'IMA', 'Infantry: MG AA'),
(6, 'IMG', 'Infantry:Machine Gun'),
(7, 'INF', 'Infrastructure'),
(8, 'NAA', 'Naval:Anti-Aircraft'),
(9, 'NAR', 'Naval:Artillery'),
(10, 'PBO', 'Plane:Bomber'),
(11, 'PFB', 'Plane:Fighter-Bomber'),
(12, 'PFI', 'Plane:Fighter'),
(13, 'PRE', 'Plane:Reconnaissance'),
(14, 'PSE', 'Plane:Seaplane'),
(15, 'PTR', 'Plane:Transport'),
(16, 'RAA', 'Rail:Anti-Aircraft'),
(17, 'RCV', 'Rail:Civil Train'),
(18, 'RLO', 'Rail:Locomotive'),
(19, 'RWA', 'Rail:Wagon'),
(20, 'SAA', 'Ship:Anti-Aircraft'),
(21, 'SBA', 'Ship:Battleship'),
(22, 'SCR', 'Ship:Cruiser'),
(23, 'SDE', 'Ship:Destroyer'),
(24, 'SPB', 'Ship:Patrol Boat'),
(25, 'SSU', 'Ship:Submarine'),
(26, 'T', 'Tank:Standard'),
(27, 'TAA', 'Tank:Anti-Aircraft'),
(28, 'TSP', 'Tank:Self-Propelled Gun'),
(29, 'TTD', 'Tank:Tank Destroyer'),
(30, 'TUR', 'Turret'),
(31, 'VAA', 'Vehicle:Anti-Aircraft'),
(32, 'VMI', 'Vehicle:Mech. Infantry'),
(33, 'VRI', 'Regular Infantry'),
(34, 'VTR', 'Vehicle:Transport');

-- --------------------------------------------------------

--
-- Table structure for table `rof_pilot_scores`
--

DROP TABLE IF EXISTS `rof_pilot_scores`;
CREATE TABLE IF NOT EXISTS `rof_pilot_scores` (
  `id` smallint(1) NOT NULL AUTO_INCREMENT,
  `MissionID` varchar(50) NOT NULL,
  `CoalID` tinyint(3) unsigned NOT NULL,
  `country` smallint(1) NOT NULL,
  `PilotName` varchar(40) NOT NULL,
  `mpid` smallint(1) NOT NULL,
  `PilotFate` tinyint(1) NOT NULL,
  `PilotHealth` tinyint(1) NOT NULL,
  `PilotNegScore` int(1) NOT NULL,
  `PilotPosScore` int(1) NOT NULL,
  PRIMARY KEY (`id`)
) ENGINE=InnoDB  DEFAULT CHARSET=utf8 AUTO_INCREMENT=743 ;

--
-- Dumping data for table `rof_pilot_scores`
--

INSERT INTO `rof_pilot_scores` (`id`, `MissionID`, `CoalID`, `country`, `PilotName`, `mpid`, `PilotFate`, `PilotHealth`, `PilotNegScore`, `PilotPosScore`) VALUES
(595, '1916_Mission_2v3-1916.1.15-9:30:0', 1, 102, 'LvA***Biggles', 0, 1, 0, 0, 0),
(596, '1916_Mission_2v3-1916.1.15-9:30:0', 1, 101, '=69.GIAP=TUSHKA', 1, 5, 4, 100, 0),
(597, '1916_Mission_2v3-1916.1.15-9:30:0', 1, 101, '=69.GIAP=STENKA', 2, 0, 1, 10, 0),
(598, '1916_Mission_2v3-1916.1.15-9:30:0', 1, 101, '=69.GIAP=OZABO', 3, 1, 0, 0, 0),
(599, '1916_Mission_2v3-1916.1.15-9:30:0', 1, 102, 'Robin van Eyk ', 5, 5, 4, 100, 0),
(600, '1916_Mission_2v3-1916.1.15-9:30:0', 1, 102, 'JaVA_KEBEN', 6, 5, 4, 100, 0),
(601, '1916_Mission_2v3-1916.1.15-9:30:0', 1, 101, '=69.GIAP=VLADI', 7, 5, 4, 100, 0),
(602, '1916_Mission_2v3-1916.1.15-9:30:0', 1, 102, 'LvA***Pod', 13, 0, 2, 20, 0),
(603, '1916_Mission_2v3-1916.1.15-9:30:0', 1, 101, '=69.GIAP=MYATA', 18, 0, 1, 10, 0),
(604, '1916_Mission_2v3-1916.1.15-9:30:0', 1, 102, 'LvA**RoodeDuivel', 25, 5, 4, 100, 0),
(605, '1916_Mission_2v3-1916.1.15-9:30:0', 1, 102, 'AB1 Vasek', 28, 1, 0, 0, 0),
(606, '1916_Mission_2v3-1916.1.15-9:30:0', 1, 102, 'AB1 Richard', 31, 1, 0, 0, 0),
(607, '1916_Mission_2v3-1916.1.15-9:30:0', 1, 102, 'SPA124_DKE', 36, 1, 0, 0, 0),
(608, '1916_Mission_2v3-1916.1.15-9:30:0', 1, 102, 'AB1 Vasek', 41, 1, 0, 0, 0),
(609, '1916_Mission_2v3-1916.1.15-9:30:0', 1, 102, 'SPA124_DKE', 42, 1, 0, 0, 0),
(610, '1916_Mission_2v3-1916.1.15-9:30:0', 2, 501, 'J5_Mueller', 4, 5, 4, 100, 0),
(611, '1916_Mission_2v3-1916.1.15-9:30:0', 2, 501, 'J5_Vollbracht', 8, 1, 0, 0, 0),
(612, '1916_Mission_2v3-1916.1.15-9:30:0', 2, 501, 'J5_Lupfsch', 9, 5, 4, 100, 0),
(613, '1916_Mission_2v3-1916.1.15-9:30:0', 2, 501, 'J18_Guims', 10, 5, 4, 100, 0),
(614, '1916_Mission_2v3-1916.1.15-9:30:0', 2, 501, 'Otto Von Cro', 11, 5, 4, 100, 0),
(615, '1916_Mission_2v3-1916.1.15-9:30:0', 2, 501, 'J2_Izra-il', 12, 1, 0, 0, 0),
(616, '1916_Mission_2v3-1916.1.15-9:30:0', 2, 501, 'J5_Numm', 15, 5, 4, 100, 0),
(617, '1916_Mission_2v3-1916.1.15-9:30:0', 2, 501, 'J5_Vorlander', 16, 0, 0, 0, 0),
(618, '1916_Mission_2v3-1916.1.15-9:30:0', 2, 501, 'J18_Corsaire', 19, 1, 0, 0, 0),
(619, '1916_Mission_2v3-1916.1.15-9:30:0', 2, 501, 'J18_Paul', 21, 1, 0, 0, 0),
(620, '1916_Mission_2v3-1916.1.15-9:30:0', 2, 501, 'J18_Capi', 23, 1, 0, 0, 0),
(621, '1916_Mission_2v3-1916.1.15-9:30:0', 2, 501, 'J18_Mika Sperber', 24, 5, 4, 100, 0),
(622, '1916_Mission_2v3-1916.1.15-9:30:0', 2, 501, 'J5_Vorlander', 26, 0, 2, 20, 0),
(623, '1916_Mission_2v3-1916.1.15-9:30:0', 2, 501, 'J18_Taeht Dewoht', 30, 1, 0, 0, 0),
(624, '1916_Mission_2v3-1916.1.15-9:30:0', 2, 501, 'J18_Voltigeur', 35, 1, 0, 0, 0),
(625, '1916_Mission_2v3-1916.1.15-9:30:0', 2, 501, 'J18 Graser F.', 38, 1, 0, 0, 0),
(626, '1916_Mission_2v3-1916.1.15-9:30:0', 2, 501, 'JG1Heinrich_J6', 40, 1, 0, 0, 0),
(627, '1916_Missio_Allies3v1-1916.1.1-12:1:0', 1, 102, 'LvA***Biggles', 8, 1, 0, 0, 0),
(628, '1916_Missio_Allies3v1-1916.1.1-12:1:0', 1, 101, '=69.GIAP=STENKA', 13, 5, 4, 100, 0),
(629, '1916_Missio_Allies3v1-1916.1.1-12:1:0', 1, 102, 'LvA**RoodeDuivel', 23, 1, 0, 0, 0),
(630, '1916_Missio_Allies3v1-1916.1.1-12:1:0', 1, 101, '=69.GIAP=VLADI', 24, 0, 1, 10, 0),
(631, '1916_Missio_Allies3v1-1916.1.1-12:1:0', 1, 101, '=69.GIAP=TUSHKA', 25, 0, 3, 30, 0),
(632, '1916_Missio_Allies3v1-1916.1.1-12:1:0', 1, 101, '=69.GIAP=OZABO', 27, 5, 4, 100, 0),
(633, '1916_Missio_Allies3v1-1916.1.1-12:1:0', 1, 102, 'LvA***Jojo', 29, 1, 0, 0, 0),
(634, '1916_Missio_Allies3v1-1916.1.1-12:1:0', 1, 102, 'AB1 Vasek', 37, 1, 0, 0, 0),
(635, '1916_Missio_Allies3v1-1916.1.1-12:1:0', 1, 102, 'AB1 Papouchek', 38, 5, 4, 100, 0),
(636, '1916_Missio_Allies3v1-1916.1.1-12:1:0', 1, 102, 'AB1 Vasek', 42, 1, 0, 0, 0),
(637, '1916_Missio_Allies3v1-1916.1.1-12:1:0', 1, 102, 'LvA***Pod', 43, 0, 0, 0, 0),
(638, '1916_Missio_Allies3v1-1916.1.1-12:1:0', 1, 102, 'LvA***Biggles', 47, 1, 0, 0, 0),
(639, '1916_Missio_Allies3v1-1916.1.1-12:1:0', 1, 102, 'Robin van Eyk ', 49, 1, 0, 0, 0),
(640, '1916_Missio_Allies3v1-1916.1.1-12:1:0', 1, 102, 'AB1 Vasek', 52, 1, 0, 0, 0),
(641, '1916_Missio_Allies3v1-1916.1.1-12:1:0', 1, 102, 'LvA***Pod', 55, 1, 0, 0, 0),
(642, '1916_Missio_Allies3v1-1916.1.1-12:1:0', 1, 102, 'AB1 Richard', 63, 0, 0, 0, 0),
(643, '1916_Missio_Allies3v1-1916.1.1-12:1:0', 1, 102, 'Spa 124 Le Dom', 66, 5, 4, 100, 0),
(644, '1916_Missio_Allies3v1-1916.1.1-12:1:0', 1, 102, 'AB1 Richard', 70, 0, 0, 0, 0),
(645, '1916_Missio_Allies3v1-1916.1.1-12:1:0', 1, 102, 'AB1 Richard', 76, 1, 0, 0, 0),
(646, '1916_Missio_Allies3v1-1916.1.1-12:1:0', 1, 102, 'Spa 124 Le Dom', 79, 1, 0, 0, 0),
(647, '1916_Missio_Allies3v1-1916.1.1-12:1:0', 2, 501, 'J5_Mueller', 0, 1, 0, 0, 0),
(648, '1916_Missio_Allies3v1-1916.1.1-12:1:0', 2, 501, 'J18_Corsaire', 1, 5, 4, 100, 0),
(649, '1916_Missio_Allies3v1-1916.1.1-12:1:0', 2, 501, 'J5_Lupfsch', 2, 1, 0, 0, 0),
(650, '1916_Missio_Allies3v1-1916.1.1-12:1:0', 2, 501, 'J5_Stein', 3, 1, 0, 0, 0),
(651, '1916_Missio_Allies3v1-1916.1.1-12:1:0', 2, 501, 'J2_Izra-il', 4, 5, 4, 100, 0),
(652, '1916_Missio_Allies3v1-1916.1.1-12:1:0', 2, 501, 'J5_Vollbracht', 5, 0, 0, 0, 0),
(653, '1916_Missio_Allies3v1-1916.1.1-12:1:0', 2, 501, 'JG1Pragr_J6', 6, 0, 1, 10, 0),
(654, '1916_Missio_Allies3v1-1916.1.1-12:1:0', 2, 501, 'J5_Vollbracht', 9, 1, 0, 0, 0),
(655, '1916_Missio_Allies3v1-1916.1.1-12:1:0', 2, 501, 'J5_Lupfsch', 10, 5, 4, 100, 0),
(656, '1916_Missio_Allies3v1-1916.1.1-12:1:0', 2, 501, 'J5_Numm', 11, 1, 0, 0, 0),
(657, '1916_Missio_Allies3v1-1916.1.1-12:1:0', 2, 501, 'JG1Baron_J6', 12, 0, 1, 10, 0),
(658, '1916_Missio_Allies3v1-1916.1.1-12:1:0', 2, 501, 'J18_Voltigeur', 15, 0, 1, 10, 0),
(659, '1916_Missio_Allies3v1-1916.1.1-12:1:0', 2, 501, 'J18_Guims', 17, 0, 0, 0, 0),
(660, '1916_Missio_Allies3v1-1916.1.1-12:1:0', 2, 501, 'JG1Heinrich_J6', 19, 5, 4, 100, 0),
(661, '1916_Missio_Allies3v1-1916.1.1-12:1:0', 2, 501, 'J5_Vorlander', 20, 5, 4, 100, 0),
(662, '1916_Missio_Allies3v1-1916.1.1-12:1:0', 2, 501, 'J18 Graser F.', 21, 1, 0, 0, 0),
(663, '1916_Missio_Allies3v1-1916.1.1-12:1:0', 2, 501, 'J18_HVO', 28, 5, 4, 100, 0),
(664, '1916_Missio_Allies3v1-1916.1.1-12:1:0', 2, 501, 'J18_Capi', 30, 1, 0, 0, 0),
(665, '1916_Missio_Allies3v1-1916.1.1-12:1:0', 2, 501, 'J18_Taeht Dewoht', 33, 0, 2, 20, 0),
(666, '1916_Missio_Allies3v1-1916.1.1-12:1:0', 2, 501, 'J18_Mika Sperber', 34, 0, 0, 0, 0),
(667, '1916_Missio_Allies3v1-1916.1.1-12:1:0', 2, 501, 'J18_Guims', 35, 0, 1, 10, 0),
(668, '1916_Missio_Allies3v1-1916.1.1-12:1:0', 2, 501, 'J18_HVO', 40, 0, 0, 0, 0),
(669, '1916_Missio_Allies3v1-1916.1.1-12:1:0', 2, 501, 'J18_Mika Sperber', 41, 1, 0, 0, 0),
(670, '1916_Missio_Allies3v1-1916.1.1-12:1:0', 2, 501, 'J18_Mika Sperber', 44, 5, 4, 100, 0),
(671, '1916_Missio_Allies3v1-1916.1.1-12:1:0', 2, 501, 'J18_HVO', 45, 5, 4, 100, 0),
(672, '1916_Missio_Allies3v1-1916.1.1-12:1:0', 2, 501, 'J18_Capi', 46, 5, 4, 100, 0),
(673, '1916_Missio_Allies3v1-1916.1.1-12:1:0', 2, 501, 'J18_Mika Sperber', 50, 5, 4, 100, 0),
(674, '1916_Missio_Allies3v1-1916.1.1-12:1:0', 2, 501, 'Otto Von Cro', 51, 5, 4, 100, 0),
(675, '1916_Missio_Allies3v1-1916.1.1-12:1:0', 2, 501, 'J18_Capi', 54, 0, 1, 10, 0),
(676, '1916_Missio_Allies3v1-1916.1.1-12:1:0', 2, 501, 'JG1Baron_J6', 75, 1, 0, 0, 0),
(710, '1916_Mission 1v2-1916.1.1-8:1:0', 1, 102, '=69.GIAP=TUSHKA', 14, 0, 1, 10, 0),
(711, '1916_Mission 1v2-1916.1.1-8:1:0', 1, 102, 'LvA**RoodeDuivel', 17, 0, 0, 0, 0),
(712, '1916_Mission 1v2-1916.1.1-8:1:0', 1, 102, '=69.GIAP=OZABO', 19, 0, 0, 0, 0),
(713, '1916_Mission 1v2-1916.1.1-8:1:0', 1, 102, '=69.GIAP=STENKA', 23, 0, 0, 0, 0),
(714, '1916_Mission 1v2-1916.1.1-8:1:0', 1, 101, 'JaVA_KEBEN', 24, 1, 0, 0, 0),
(715, '1916_Mission 1v2-1916.1.1-8:1:0', 1, 101, 'LvA***Biggles', 25, 1, 0, 0, 0),
(716, '1916_Mission 1v2-1916.1.1-8:1:0', 1, 102, 'Robin van Eyk ', 26, 0, 2, 20, 0),
(717, '1916_Mission 1v2-1916.1.1-8:1:0', 1, 102, '=69.GIAP=VLADI', 27, 0, 0, 0, 0),
(718, '1916_Mission 1v2-1916.1.1-8:1:0', 1, 102, 'LvA**RoodeDuivel', 34, 0, 3, 30, 0),
(719, '1916_Mission 1v2-1916.1.1-8:1:0', 1, 102, '=69.GIAP=OZABO', 37, 5, 4, 100, 0),
(720, '1916_Mission 1v2-1916.1.1-8:1:0', 1, 102, '=69.GIAP=STENKA', 40, 1, 0, 0, 0),
(721, '1916_Mission 1v2-1916.1.1-8:1:0', 1, 102, '=69.GIAP=VLADI', 44, 0, 2, 20, 0),
(722, '1916_Mission 1v2-1916.1.1-8:1:0', 1, 101, 'JaVA_KEBEN', 46, 0, 3, 30, 0),
(723, '1916_Mission 1v2-1916.1.1-8:1:0', 1, 101, 'LvA***Biggles', 47, 5, 4, 100, 0),
(724, '1916_Mission 1v2-1916.1.1-8:1:0', 1, 102, '=69.GIAP=TUSHKA', 61, 1, 0, 0, 0),
(725, '1916_Mission 1v2-1916.1.1-8:1:0', 2, 501, 'AB1 Richard', 0, 0, 1, 10, 0),
(726, '1916_Mission 1v2-1916.1.1-8:1:0', 2, 501, 'J2_Izra-il', 1, 1, 0, 0, 0),
(727, '1916_Mission 1v2-1916.1.1-8:1:0', 2, 501, 'J5_Numm', 2, 0, 1, 10, 0),
(728, '1916_Mission 1v2-1916.1.1-8:1:0', 2, 501, 'J18_Taeht Dewoht', 4, 0, 1, 10, 0),
(729, '1916_Mission 1v2-1916.1.1-8:1:0', 2, 501, 'J5_Vorlander', 5, 0, 2, 20, 0),
(730, '1916_Mission 1v2-1916.1.1-8:1:0', 2, 501, 'J5_Vollbracht', 6, 1, 0, 0, 0),
(731, '1916_Mission 1v2-1916.1.1-8:1:0', 2, 501, 'Otto Von Cro', 7, 1, 0, 0, 0),
(732, '1916_Mission 1v2-1916.1.1-8:1:0', 2, 501, 'J5_Hoffmann', 8, 1, 0, 0, 0),
(733, '1916_Mission 1v2-1916.1.1-8:1:0', 2, 501, 'J2_drookasi', 10, 1, 0, 0, 0),
(734, '1916_Mission 1v2-1916.1.1-8:1:0', 2, 501, 'J5_Mueller', 11, 5, 4, 100, 0),
(735, '1916_Mission 1v2-1916.1.1-8:1:0', 2, 501, 'JG1Thomas_J6', 12, 1, 0, 0, 0),
(736, '1916_Mission 1v2-1916.1.1-8:1:0', 2, 501, 'J18_Mika Sperber', 13, 5, 4, 100, 0),
(737, '1916_Mission 1v2-1916.1.1-8:1:0', 2, 501, 'J18_Voltigeur', 16, 1, 0, 0, 0),
(738, '1916_Mission 1v2-1916.1.1-8:1:0', 2, 501, 'J18_Paul', 28, 1, 0, 0, 0),
(739, '1916_Mission 1v2-1916.1.1-8:1:0', 2, 501, 'JG1Pragr_J6', 31, 1, 0, 0, 0),
(740, '1916_Mission 1v2-1916.1.1-8:1:0', 2, 501, 'AB1 Papouchek', 33, 1, 0, 0, 0),
(741, '1916_Mission 1v2-1916.1.1-8:1:0', 2, 501, 'J18_Corsaire', 41, 1, 0, 0, 0),
(742, '1916_Mission 1v2-1916.1.1-8:1:0', 2, 501, 'J5_Stein', 45, 5, 4, 100, 0);

-- --------------------------------------------------------

--
-- Table structure for table `rof_westernfront_locations`
--

DROP TABLE IF EXISTS `rof_westernfront_locations`;
CREATE TABLE IF NOT EXISTS `rof_westernfront_locations` (
  `id` smallint(1) unsigned NOT NULL AUTO_INCREMENT,
  `LID` smallint(1) unsigned NOT NULL,
  `LX` int(1) NOT NULL,
  `LZ` int(1) NOT NULL,
  `LName` varchar(40) NOT NULL,
  PRIMARY KEY (`id`),
  KEY `LName` (`LName`)
) ENGINE=InnoDB  DEFAULT CHARSET=utf8 AUTO_INCREMENT=978 ;

--
-- Dumping data for table `rof_westernfront_locations`
--

INSERT INTO `rof_westernfront_locations` (`id`, `LID`, `LX`, `LZ`, `LName`) VALUES
(1, 51, 171499, 60879, 'Acheler'),
(2, 51, 174810, 2339, 'Airaines'),
(3, 20, 174691, 1413, 'Airaines'),
(4, 51, 261707, 6689, 'Alquines'),
(5, 20, 262184, 7244, 'Alquines'),
(6, 52, 214372, 114031, 'Alunoy'),
(7, 20, 214132, 113323, 'Alunoy'),
(8, 52, 97183, 267124, 'Amel-sur-l_Etand'),
(9, 50, 166758, 25191, 'Amiens'),
(10, 51, 214269, 94200, 'Aniche'),
(11, 10, 215063, 95436, 'Aniche'),
(12, 51, 95066, 108241, 'Arcy-Ste Restitue'),
(13, 20, 95448, 108874, 'Arcy-Ste Restitue'),
(14, 50, 209926, 59536, 'Arras'),
(15, 51, 168356, 64138, 'Assevillers'),
(16, 20, 167514, 64559, 'Assevillers'),
(17, 51, 236290, 37851, 'Auchel'),
(18, 10, 235812, 39102, 'Auchel'),
(19, 51, 130079, 30556, 'Aussonvillers'),
(20, 20, 130448, 29311, 'Aussonvillers'),
(21, 52, 145157, 133604, 'Autremencourt'),
(22, 20, 144922, 132525, 'Autremencourt'),
(23, 51, 70345, 197813, 'Auve'),
(24, 10, 69101, 197585, 'Auve'),
(25, 51, 205474, 102988, 'Avensnes-le-Sec'),
(26, 20, 205760, 103781, 'Avensnes-le-Sec'),
(27, 51, 195250, 96247, 'Awoingt'),
(28, 20, 195009, 96845, 'Awoingt'),
(29, 20, 176475, 41930, 'Braizieux'),
(30, 52, 145816, 65840, 'Balatre'),
(31, 20, 146157, 65455, 'Balatre,E Roye'),
(32, 10, 43793, 233539, 'Bar le Duc (Behonne)'),
(33, 51, 42383, 231978, 'Bar le Duc (Behonne)'),
(34, 52, 275598, 98680, 'Bavichove'),
(35, 20, 274915, 97750, 'Bavichove,N Courtrai'),
(36, 10, 50522, 128988, 'Baye'),
(37, 51, 51153, 130152, 'Baye'),
(38, 51, 246751, 71499, 'Beaucamp'),
(39, 20, 246720, 68859, 'Beaucamp'),
(40, 10, 114733, 7021, 'Beauvais'),
(41, 51, 116115, 8918, 'Beauvais'),
(42, 10, 118376, 11127, 'Beauvais, Tille'),
(43, 51, 119019, 10937, 'Beauvais, Tille'),
(44, 52, 193390, 103248, 'Beauvois,E Cambrai'),
(45, 20, 193615, 105295, 'Beauvois,E Cambrai'),
(46, 10, 62136, 233999, 'Beauze sur Aire'),
(47, 51, 62937, 234583, 'Beauze sur Aire'),
(48, 20, 97521, 268387, 'Bellevue Ferme'),
(49, 10, 51108, 241250, 'Belrain'),
(50, 51, 50158, 241089, 'Belrain'),
(51, 51, 277675, 29800, 'Bergues'),
(52, 10, 277105, 29559, 'Bergues Coudekerque'),
(53, 52, 168008, 82610, 'Bernes'),
(54, 20, 166956, 82212, 'Bernes'),
(55, 52, 232325, 89820, 'Bersee'),
(56, 20, 230226, 89300, 'Bersee,NW Douai'),
(57, 10, 174275, 25349, 'Bertangles'),
(58, 52, 187778, 107814, 'Bertry'),
(59, 20, 187565, 106843, 'Bertry 1'),
(60, 20, 186462, 109443, 'Bertry 2'),
(61, 52, 132891, 117129, 'Besny-et-Loisy'),
(62, 20, 132263, 118129, 'Besny-et-Loisy'),
(63, 52, 191700, 67851, 'Beugnatre'),
(64, 20, 191721, 68531, 'Beugnatre'),
(65, 10, 91548, 104794, 'Beugneux'),
(66, 51, 92722, 105066, 'Beugneux'),
(67, 10, 70681, 91675, 'Bezu'),
(68, 51, 69403, 91253, 'Bezu'),
(69, 51, 269328, 92231, 'Bisseghem'),
(70, 20, 268262, 94121, 'Bisseghem,Courtrai'),
(71, 20, 29773, 189370, 'Blaise'),
(72, 51, 30129, 190350, 'Blaise'),
(73, 20, 207081, 18316, 'Boffles'),
(74, 51, 207044, 18927, 'Boffles'),
(75, 51, 176550, 107912, 'Bohain'),
(76, 20, 176727, 107033, 'Bohain'),
(77, 52, 194357, 100599, 'Boistrancourt'),
(78, 20, 193755, 100912, 'Boistrancourt'),
(79, 51, 134865, 143383, 'Boncourt'),
(80, 20, 134977, 143902, 'Boncourt'),
(81, 10, 98452, 125309, 'Bonne Maisson'),
(82, 52, 144903, 78667, 'Bonneuil Ferme'),
(83, 20, 144689, 79053, 'Bonneuil Ferme'),
(84, 52, 175690, 91840, 'Bony'),
(85, 10, 176714, 91027, 'Bony'),
(86, 52, 166286, 78352, 'Bouvincourt'),
(87, 20, 165526, 79397, 'Bouvincourt'),
(88, 10, 76188, 173591, 'Bouy'),
(89, 52, 76087, 172712, 'Bouy'),
(90, 10, 80622, 230970, 'Brabant en Argonne'),
(91, 51, 80489, 230527, 'Brabant en Argonne'),
(92, 20, 49489, 218466, 'Brabant le Roi'),
(93, 51, 50162, 218187, 'Brabant le Roi'),
(94, 51, 177572, 41372, 'Braizieux'),
(95, 20, 281419, 34366, 'Bray Dunes'),
(96, 51, 281063, 35186, 'Bray Dunes'),
(97, 52, 84233, 105277, 'Brecy'),
(98, 20, 110397, 35096, 'Breuil le Sec'),
(99, 51, 108737, 34908, 'Breuil le Sec'),
(100, 51, 195348, 111161, 'Briastre'),
(101, 20, 196233, 110097, 'Briastre'),
(102, 52, 215146, 114151, 'Briquette'),
(103, 20, 232636, 43147, 'Bruay'),
(104, 51, 231954, 44458, 'Bruay'),
(105, 20, 223108, 31753, 'Bryas'),
(106, 51, 224190, 32118, 'Bryas'),
(107, 52, 199241, 71339, 'Bullecourt'),
(108, 52, 181919, 109501, 'Busigny'),
(109, 20, 183098, 107531, 'Busigny'),
(110, 20, 162373, 37345, 'Cachy'),
(111, 51, 161878, 38073, 'Cachy'),
(112, 20, 164462, 37712, 'Cachy-Bois I_Abbe'),
(113, 20, 198118, 97338, 'Cambrai'),
(114, 50, 197167, 92533, 'Cambrai'),
(115, 20, 30186, 160626, 'Camp de Mailly'),
(116, 51, 30407, 161307, 'Camp de Mailly'),
(117, 51, 235117, 77733, 'Camphin'),
(118, 51, 171272, 58840, 'Cappy'),
(119, 20, 170799, 59573, 'Cappy North'),
(120, 20, 168964, 59192, 'Cappy South'),
(121, 51, 137084, 231446, 'Carignan'),
(122, 20, 137834, 233609, 'Carignan'),
(123, 52, 197100, 97645, 'Cauroir'),
(124, 20, 48270, 172998, 'Cernon'),
(125, 51, 48854, 172398, 'Cernon'),
(126, 20, 267553, 98826, 'Ceune,Courtrai'),
(127, 20, 97879, 141542, 'Chalons sur Vesle'),
(128, 51, 98966, 141025, 'Chalons sur Vesle'),
(129, 52, 131800, 122191, 'Chambry'),
(130, 20, 134094, 121354, 'Chambry,Laon'),
(131, 20, 52692, 130459, 'Champaubert'),
(132, 51, 53163, 130988, 'Champaubert'),
(133, 20, 30447, 104207, 'Champcouelle'),
(134, 51, 29972, 104845, 'Champcouelle'),
(135, 52, 144459, 65834, 'Champien'),
(136, 20, 143015, 63843, 'Champien'),
(137, 20, 118533, 235591, 'Charmois,S Stenay'),
(138, 52, 108694, 226262, 'Chassonge Ferme'),
(139, 20, 107554, 226829, 'Chassonge Ferme,Stenay/Verdun'),
(140, 20, 67718, 106918, 'Chateau-Thierry'),
(141, 20, 64245, 60989, 'Chauconin'),
(142, 51, 64009, 62674, 'Chauconin'),
(143, 20, 100363, 94105, 'Chaudun'),
(144, 51, 139312, 118669, 'Chery-les-Pouilly'),
(145, 20, 140236, 118087, 'Chery-les-Pouilly,N'),
(146, 20, 139171, 119225, 'Chery-les-Pouilly,S'),
(147, 20, 264708, 27189, 'Clairmarais'),
(148, 51, 264211, 26843, 'Clairmarais'),
(149, 51, 149474, 91754, 'Clastres'),
(150, 20, 150478, 90255, 'Clastres'),
(151, 20, 85367, 103810, 'Coincy'),
(152, 51, 84803, 104164, 'Coincy'),
(153, 51, 86182, 283626, 'Conflans'),
(154, 20, 229095, 29568, 'Conteville'),
(155, 51, 228888, 28590, 'Conteville'),
(156, 51, 48798, 75780, 'Corbeville'),
(157, 20, 280249, 29009, 'Coudekerque'),
(158, 51, 279433, 28371, 'Coudekerque'),
(159, 20, 71241, 95352, 'Coupru'),
(160, 51, 70705, 94692, 'Coupru'),
(161, 51, 222782, 78350, 'Courcelles-les-Lens'),
(162, 20, 99943, 149839, 'Courcy'),
(163, 51, 101602, 148247, 'Courcy'),
(164, 20, 90854, 106702, 'Cramaille'),
(165, 52, 91259, 107513, 'Cramaille'),
(166, 20, 94353, 67635, 'Crapy en Valois'),
(167, 51, 92553, 67007, 'Crapy en Valois'),
(168, 51, 95895, 36960, 'Creil'),
(169, 20, 274423, 29343, 'Crochte'),
(170, 51, 274195, 28814, 'Crochte'),
(171, 52, 169106, 104710, 'Croix-Fonsommes'),
(172, 51, 273929, 96012, 'Cuerne'),
(173, 52, 141950, 134059, 'Cuirieux'),
(174, 20, 141451, 135501, 'Cuirieux,Laon'),
(175, 20, 63882, 31881, 'Dagny'),
(176, 51, 62887, 31730, 'Dagny'),
(177, 20, 31935, 287847, 'Dommartin les Toul'),
(178, 51, 31725, 288735, 'Dommartin les Toul'),
(179, 52, 83807, 287989, 'Doncourt'),
(180, 20, 82974, 288787, 'Doncourt'),
(181, 20, 220059, 78393, 'Douai'),
(182, 50, 219113, 81878, 'Douai'),
(183, 20, 251362, 8771, 'Drionville'),
(184, 51, 250554, 9078, 'Drionville'),
(185, 20, 274421, 46987, 'Droogland'),
(186, 52, 212274, 93546, 'Emerchicourt'),
(187, 20, 212233, 94101, 'Emerchicourt,S Aniche'),
(188, 51, 160883, 74628, 'Ennemain'),
(189, 20, 160580, 73975, 'Ennemain,N Nesle'),
(190, 20, 17007, 266492, 'Epiez'),
(191, 51, 16501, 268028, 'Epiez'),
(192, 52, 203942, 88196, 'Epinoy'),
(193, 20, 203364, 87321, 'Epinoy,NW Cambrai'),
(194, 20, 147803, 78653, 'Eppeville'),
(195, 52, 148532, 79720, 'Eppeville'),
(196, 51, 213043, 88041, 'Erchin'),
(197, 20, 214091, 89414, 'Erchin'),
(198, 20, 58409, 237347, 'Erize la Petite'),
(199, 51, 57439, 237476, 'Erize la Petite'),
(200, 51, 217821, 97711, 'Erre'),
(201, 20, 218963, 97099, 'Erre,Somain'),
(202, 52, 183804, 111652, 'Escaufort,Busigny'),
(203, 20, 184696, 111066, 'Escaufort,Busigny'),
(204, 20, 141030, 23414, 'Esquennoy'),
(205, 51, 140535, 22312, 'Esquennoy'),
(206, 52, 194281, 98069, 'Estourmel'),
(207, 20, 245594, 28055, 'Estree-Blanche'),
(208, 51, 244938, 28590, 'Estree-Blanche'),
(209, 52, 201770, 95059, 'Eswars'),
(210, 20, 202615, 93864, 'Eswars'),
(211, 51, 177008, 122782, 'Etreux'),
(212, 20, 175005, 121962, 'Etreux,Guise'),
(213, 20, 61871, 169623, 'Fagnieres'),
(214, 51, 61418, 171321, 'Fagnieres'),
(215, 51, 158355, 73475, 'Falvy Peronne'),
(216, 20, 158988, 73757, 'Falvy,Peronne'),
(217, 20, 117557, 20097, 'Fay St. Quentin'),
(218, 52, 116902, 20557, 'Fay St. Quentin'),
(219, 52, 219490, 97069, 'Fenain'),
(220, 52, 98098, 125686, 'Ferme Bonne Maison'),
(221, 20, 77103, 165582, 'Ferme d_Alger'),
(222, 52, 77102, 166079, 'Ferme d_Alger'),
(223, 20, 114841, 58726, 'Ferme de Corbeaulieu'),
(224, 52, 115026, 58326, 'Ferme de Corbeaulieu'),
(225, 20, 102995, 95181, 'Ferme Gravanon'),
(226, 52, 103170, 94828, 'Ferme Gravanon'),
(227, 52, 269717, 29364, 'Ferme Hoog Huys'),
(228, 20, 18625, 133727, 'Ferme Les Greves'),
(229, 52, 18808, 134387, 'Ferme Les Greves'),
(230, 20, 192255, 21029, 'Fienvillers'),
(231, 51, 192758, 21357, 'Fienvillers'),
(232, 20, 213151, 45638, 'Filescamp Ferme'),
(233, 52, 213103, 46161, 'Filescamp Ferme'),
(234, 51, 144524, 241791, 'Florenville'),
(235, 20, 144578, 242573, 'Florenville'),
(236, 20, 94006, 113177, 'Fonfry,N Fere-en-Tardenois'),
(237, 52, 166979, 103843, 'Fonsomme'),
(238, 20, 166715, 103434, 'Fonsomme'),
(239, 52, 164539, 106664, 'Fontaine Notre Dame'),
(240, 20, 162951, 105708, 'Fontaine Notre Dame'),
(241, 52, 168889, 102200, 'Fontaine-Uterte'),
(242, 20, 170656, 102904, 'Fontaine-Uterte'),
(243, 20, 155029, 82737, 'Foreste'),
(244, 52, 156432, 82559, 'Foreste'),
(245, 20, 161240, 58855, 'Foucaucourt en Santerre'),
(246, 20, 120454, 18025, 'Fouquerollers-Nord'),
(247, 20, 119057, 18367, 'Fouquerolles'),
(248, 51, 118986, 19054, 'Fouquerolles'),
(249, 20, 48619, 75149, 'Francheville sur Marne'),
(250, 52, 122074, 266762, 'Fresnois-la-Montagne'),
(251, 20, 74984, 229747, 'Froides'),
(252, 51, 74124, 229635, 'Froides'),
(253, 20, 21121, 303474, 'Frolois'),
(254, 51, 19893, 303827, 'Frolois'),
(255, 20, 280967, 36995, 'Frontier'),
(256, 51, 281393, 36580, 'Frontier'),
(257, 51, 190616, 22561, 'Gandas'),
(258, 10, 35469, 286739, 'Gengoult Toul'),
(259, 20, 228986, 141689, 'Ghlin,Mons'),
(260, 52, 86726, 286542, 'Giraumont'),
(261, 20, 87086, 287416, 'Giraumont'),
(262, 20, 64086, 224621, 'Giromancy'),
(263, 51, 64738, 225085, 'Giromancy'),
(264, 51, 61051, 212558, 'Givry-en-Argonne'),
(265, 51, 230287, 140144, 'Glin'),
(266, 52, 145116, 79926, 'Golancourt'),
(267, 52, 184273, 86793, 'Gonnelieu,Cambrai'),
(268, 20, 184751, 87024, 'Gonnelieu,Cambrai'),
(269, 20, 31486, 148887, 'Gourcancon'),
(270, 51, 32124, 148429, 'Gourcancon'),
(271, 52, 178196, 94220, 'Gouy'),
(272, 51, 184199, 85283, 'Gouzeaucourt'),
(273, 20, 143438, 36902, 'Grivesnes'),
(274, 51, 143753, 37503, 'Grivesnes'),
(275, 51, 272762, 47191, 'Groogland'),
(276, 52, 78804, 170873, 'Group'),
(277, 20, 217168, 85424, 'Guesnain,Douai'),
(278, 51, 166679, 121392, 'Guise,St.Quentin'),
(279, 20, 166546, 123239, 'Guise,St.Quentin'),
(280, 20, 160065, 76850, 'Guisecourt(GuIzancourt)'),
(281, 51, 216590, 86368, 'Guisnain'),
(282, 51, 159261, 75048, 'Guizancourt'),
(283, 52, 159660, 77023, 'Guizancourt'),
(284, 51, 266088, 86094, 'Halluin'),
(285, 20, 265190, 87573, 'Halluin,N Lille2'),
(286, 51, 149627, 80562, 'Ham'),
(287, 20, 151122, 79451, 'Ham'),
(288, 51, 154837, 76152, 'Ham Matigny'),
(289, 20, 153499, 76461, 'Ham Matigny'),
(290, 52, 167492, 80318, 'Hancourt'),
(291, 20, 166998, 79843, 'Hancourt'),
(292, 20, 273351, 97905, 'Harlebeke,Bavichove,NE Courtai'),
(293, 51, 273208, 98879, 'Harlebeke'),
(294, 51, 99600, 177071, 'Hauvine'),
(295, 20, 98781, 176647, 'Hauvine'),
(296, 52, 247949, 83469, 'Helesmes'),
(297, 20, 247744, 84529, 'Helesmes,N Denain'),
(298, 52, 201413, 72181, 'Hendecourt-les-Cagnicourt'),
(299, 20, 25526, 154763, 'Herbisse'),
(300, 51, 25981, 155296, 'Herbisse'),
(301, 20, 26389, 157298, 'Herbisse, Est'),
(302, 51, 218329, 28288, 'Herlin-le-Sec'),
(303, 20, 217638, 28814, 'Herlinger(Herlin-le-Sec)'),
(304, 51, 190204, 80134, 'Hermes'),
(305, 20, 190295, 79330, 'Hermes,Cambrai'),
(306, 20, 138325, 5382, 'Hetomesnil'),
(307, 51, 138284, 4372, 'Hetomesnil'),
(308, 51, 271903, 93954, 'Heule'),
(309, 20, 272097, 93000, 'Heule,Courtrai'),
(310, 20, 107024, 274718, 'Hivry-Circourt'),
(311, 51, 106692, 275383, 'Hivry-Circourt'),
(312, 20, 277554, 36092, 'Hondschoote'),
(313, 51, 276783, 36670, 'Hondschoote'),
(314, 20, 270484, 28935, 'Hoog Huys'),
(315, 51, 15119, 301278, 'Houdelmont'),
(316, 20, 15468, 300368, 'Houdelmont'),
(317, 52, 241543, 74715, 'Houplin'),
(318, 20, 240913, 76500, 'Houplin,S Lille'),
(319, 51, 204421, 99113, 'Iwuy'),
(320, 20, 204221, 102091, 'Iwuy'),
(321, 20, 114566, 246890, 'Jametz'),
(322, 52, 114734, 247451, 'Jametz'),
(323, 20, 73247, 234025, 'Julvecourt'),
(324, 51, 74374, 233550, 'Julvecourt'),
(325, 20, 217330, 82481, 'La Brayelle,Douai'),
(326, 20, 178646, 93932, 'La Catelet'),
(327, 20, 47145, 191827, 'La Cense'),
(328, 51, 48183, 192272, 'La Cense'),
(329, 20, 71247, 183390, 'La Cheppe'),
(330, 51, 72131, 183717, 'La Cheppe'),
(331, 20, 88495, 112064, 'La Fere en Tardenois'),
(332, 51, 88774, 111100, 'La Fere en Tardenois'),
(333, 52, 149107, 111986, 'La Ferte Ferriere'),
(334, 20, 149495, 111878, 'La Ferte Ferriere'),
(335, 20, 42735, 96505, 'La Ferte Gaucher'),
(336, 51, 42436, 96319, 'La Ferte Gaucher'),
(337, 52, 124480, 230578, 'La Jolly Ferme'),
(338, 20, 124240, 230141, 'La Jolly Ferme,Stenay'),
(339, 20, 274372, 56742, 'La Lovie'),
(340, 51, 275171, 57176, 'La Lovie'),
(341, 20, 65536, 178455, 'La Mellette'),
(342, 52, 232661, 79297, 'La Neuville'),
(343, 20, 233204, 79498, 'La Neuville'),
(344, 20, 70515, 186464, 'La Noblette'),
(345, 52, 229827, 84189, 'La Petrie'),
(346, 20, 230545, 83244, 'La Petrie'),
(347, 51, 130108, 146707, 'La Selve'),
(348, 20, 128717, 147030, 'La Selve'),
(349, 20, 217787, 57715, 'La Targette'),
(350, 51, 217371, 58181, 'La Targette'),
(351, 52, 87430, 284290, 'Labry'),
(352, 20, 194994, 72805, 'Lagnicourt'),
(353, 20, 74713, 56482, 'Lagny le Sec'),
(354, 51, 76415, 55967, 'Lagny le Sec'),
(355, 51, 178038, 93356, 'Le Catelet'),
(356, 20, 214343, 43634, 'Le Hameau'),
(357, 51, 213739, 44139, 'Le Hameau'),
(358, 51, 61627, 149331, 'Le Mesnil-sur-Oger'),
(359, 20, 79156, 55877, 'Le Plessis Belleville'),
(360, 51, 78296, 57415, 'Le Plessis Belleville'),
(361, 20, 185386, 41296, 'Lealvillers'),
(362, 51, 185692, 40835, 'Lealvillers'),
(363, 20, 183931, 68696, 'Lechelle'),
(364, 52, 183811, 69357, 'Lechelle,S Bertincourt'),
(365, 52, 109236, 187044, 'Leffincourt'),
(366, 20, 110781, 186173, 'Leffincourt,E Reims'),
(367, 20, 74742, 240480, 'Lemmes'),
(368, 51, 75107, 241218, 'Lemmes'),
(369, 51, 239297, 140614, 'Lens'),
(370, 20, 239100, 139524, 'Lens,Mons'),
(371, 51, 17505, 133472, 'Les Greves'),
(372, 52, 222487, 78940, 'Les Villers(Douai)'),
(373, 20, 89326, 131016, 'Lhery'),
(374, 51, 89759, 130342, 'Lhery'),
(375, 20, 134122, 135438, 'Liesse'),
(376, 51, 134295, 133339, 'Liesse-Notre-Dame'),
(377, 51, 208202, 100785, 'Lieu St.Amand'),
(378, 20, 207292, 100942, 'Lieu St.Amand'),
(379, 50, 248335, 80330, 'Lille'),
(380, 20, 55239, 227429, 'Lisle en Barrois'),
(381, 51, 55627, 229545, 'Lisle en Barrois'),
(382, 51, 249769, 77184, 'Lomme'),
(383, 20, 249472, 76420, 'Lomme,Lille'),
(384, 20, 168762, 115084, 'Longchamps'),
(385, 52, 168280, 115971, 'Longchamps'),
(386, 20, 280446, 17923, 'Loon'),
(387, 51, 280249, 16960, 'Loon'),
(388, 20, 96972, 10090, 'Lormaison'),
(389, 51, 96402, 9877, 'Lormaison'),
(390, 20, 24765, 107241, 'Louan'),
(391, 51, 25344, 108878, 'Louan'),
(392, 20, 71231, 39319, 'Louvres'),
(393, 51, 72093, 38522, 'Louvres'),
(394, 20, 107271, 128827, 'Maizy,N Fismes'),
(395, 51, 107767, 128267, 'Maizy,N Fismes'),
(396, 20, 33255, 306031, 'Malzeville'),
(397, 51, 34266, 306190, 'Malzeville'),
(398, 20, 24456, 313952, 'Mannoncourt en Vermois'),
(399, 51, 24204, 312612, 'Mannoncourt en Vermois'),
(400, 51, 131623, 134271, 'Marchais'),
(401, 20, 131246, 134785, 'Marchais'),
(402, 52, 267493, 92380, 'Marcke'),
(403, 20, 267072, 93812, 'Marcke,Courtrai'),
(404, 20, 190059, 33938, 'Marieux'),
(405, 52, 190381, 34763, 'Marieux'),
(406, 51, 148783, 131026, 'Marle-Autremencourt'),
(407, 20, 147541, 130797, 'Marle-Autremencourt'),
(408, 20, 75668, 38143, 'Mary la Ville'),
(409, 51, 75691, 37756, 'Mary la Ville'),
(410, 52, 78535, 284617, 'Mars-la-Tour'),
(411, 20, 78570, 282313, 'Mars-la-Tour'),
(412, 20, 56437, 185944, 'Marson'),
(413, 51, 56183, 185289, 'Marson'),
(414, 52, 117941, 252953, 'Marville'),
(415, 20, 115884, 254739, 'Marville'),
(416, 51, 217088, 90651, 'Masny'),
(417, 20, 218977, 89703, 'Masny'),
(418, 20, 64256, 165027, 'Matougues'),
(419, 51, 65438, 165356, 'Matougues'),
(420, 20, 62584, 66488, 'Meaux'),
(421, 51, 62213, 65510, 'Meaux'),
(422, 52, 62988, 65707, 'Meaux RW Station'),
(423, 51, 267243, 85268, 'Menin'),
(424, 20, 268206, 86088, 'Menin'),
(425, 52, 108476, 279762, 'Mercy-le-Haut'),
(426, 20, 109245, 279477, 'Mercy-le-Haut'),
(427, 20, 106847, 281405, 'Mercy-le-Haut S'),
(428, 20, 154544, 69447, 'Mesnil le Petit'),
(429, 20, 153282, 69478, 'Mesnil St George'),
(430, 20, 154842, 71155, 'Mesnil St Nicaise'),
(431, 51, 166284, 73525, 'Mesnil-Bruntel'),
(432, 20, 166414, 71913, 'Mesnil-Bruntel'),
(433, 52, 153682, 70002, 'Mesnil-le-Petit'),
(434, 50, 81409, 305907, 'Metz'),
(435, 52, 77188, 304252, 'Metz-Frescaty'),
(436, 20, 77438, 303516, 'Metz-Frescaty'),
(437, 20, 64525, 46992, 'Mitry Mory'),
(438, 51, 65245, 46461, 'Mitry Mory'),
(439, 51, 177935, 73446, 'Moislains'),
(440, 20, 176604, 74081, 'Moislains'),
(441, 20, 95146, 39893, 'Monchy les Chateau'),
(442, 51, 164814, 76854, 'Mons-en-Chaussee'),
(443, 20, 164243, 78166, 'Mons-en-Chaussee'),
(444, 20, 89627, 48932, 'Mont I_Eveque'),
(445, 51, 88920, 47706, 'Mont I_Eveque'),
(446, 20, 102147, 105186, 'Mont Soissons Ferme'),
(447, 52, 102023, 104932, 'Mont Soissons Ferme'),
(448, 20, 215866, 55907, 'Mont St. Eloi'),
(449, 20, 169458, 3112, 'Montagne Fayel'),
(450, 51, 170075, 2766, 'Montagne Fayel'),
(451, 52, 187211, 27385, 'Montagne Fayel'),
(452, 20, 102037, 81229, 'Montgobert'),
(453, 51, 101560, 82004, 'Montgobert'),
(454, 20, 153209, 41956, 'Moreuil'),
(455, 51, 152993, 38719, 'Moreuil'),
(456, 20, 235168, 96783, 'MouNchin'),
(457, 52, 234877, 97834, 'Mounchin'),
(458, 51, 135037, 224468, 'Mouzon'),
(459, 20, 134318, 224010, 'Mouzon'),
(460, 20, 96066, 139243, 'Muizon'),
(461, 51, 96947, 139308, 'Muizon'),
(462, 20, 82417, 61304, 'Nanteuil le Haudoin'),
(463, 51, 83105, 61208, 'Nanteuil le Haudoin'),
(464, 51, 68527, 106713, 'Nesles-la-Montagne'),
(465, 52, 112074, 168972, 'Neuflize'),
(466, 20, 112592, 170074, 'Neuflize'),
(467, 20, 193204, 111506, 'Neuville'),
(468, 20, 193401, 114716, 'Neuville,Le Cateau'),
(469, 51, 193586, 112753, 'Neuvilly'),
(470, 52, 178382, 77175, 'Nurlu,NE Moislains'),
(471, 20, 178621, 77748, 'Nurlu,NE Moislains'),
(472, 20, 22465, 291835, 'Ochey'),
(473, 51, 22029, 291157, 'Ochey'),
(474, 51, 230845, 93849, 'Orchies'),
(475, 20, 170441, 30031, 'Petit Camon'),
(476, 51, 169841, 30458, 'Petit Camon'),
(477, 20, 281373, 23669, 'Petit Synthe'),
(478, 51, 281379, 24106, 'Petit Synthe'),
(479, 51, 236869, 78242, 'Phalempin'),
(480, 20, 235685, 78237, 'Phalempin,N Douai'),
(481, 20, 47483, 148834, 'Pierre Morains'),
(482, 51, 48204, 148682, 'Pierre Morains'),
(483, 20, 104430, 74540, 'Pierrefonds'),
(484, 51, 105257, 74170, 'Pierrefonds'),
(485, 51, 156205, 148619, 'Plomion,SE Vervins'),
(486, 20, 156256, 150152, 'Plomion,SE Vervins'),
(487, 52, 105639, 160465, 'Pomacle'),
(488, 20, 105786, 161175, 'Pomacle'),
(489, 52, 236621, 84167, 'Pont-a-Marcq'),
(490, 20, 235458, 82812, 'Pont-a-Marcq'),
(491, 20, 62289, 232152, 'Pretz en Argonne'),
(492, 51, 61928, 231269, 'Pretz en Argonne'),
(493, 52, 198221, 76126, 'Pronville'),
(494, 20, 196899, 76653, 'Pronville,nr Queant'),
(495, 51, 195749, 90656, 'Proville,Cambrai'),
(496, 20, 193244, 90843, 'Proville,Cambrai'),
(497, 52, 133275, 123591, 'Puisieux Ferme'),
(498, 20, 132917, 125668, 'Puisieux Ferme,Laon'),
(499, 52, 76101, 284778, 'Puxieux'),
(500, 51, 255318, 78763, 'Quesnoy-sur-Deule'),
(501, 20, 129245, 33632, 'Quinquempoix'),
(502, 51, 128695, 32974, 'Quinquempoix'),
(503, 20, 48545, 214986, 'Rancourt'),
(504, 51, 47161, 214919, 'Rancourt'),
(505, 20, 96545, 54994, 'Raray'),
(506, 51, 96086, 53860, 'Raray'),
(507, 20, 125044, 39403, 'Ravenel'),
(508, 20, 243701, 18877, 'Reclinghem'),
(509, 51, 244066, 18471, 'Reclinghem'),
(510, 50, 94738, 149795, 'Reims'),
(511, 20, 56422, 234416, 'Rembercourt'),
(512, 51, 56852, 234002, 'Rembercourt'),
(513, 20, 59809, 209547, 'Remicourt'),
(514, 51, 61329, 211152, 'Remicourt'),
(515, 20, 45393, 215398, 'Remmenecourt'),
(516, 51, 44450, 214702, 'Remmenecourt'),
(517, 20, 101005, 7467, 'Ressons I_Abbaye'),
(518, 51, 101392, 8623, 'Ressons I_Abbaye'),
(519, 20, 97649, 8926, 'Ressons,Ferme du Val Valereux'),
(520, 52, 97793, 8454, 'Ressons,Ferme du Val Valereux'),
(521, 51, 124589, 38818, 'Revenel'),
(522, 20, 198992, 71820, 'Riencourt,Arras'),
(523, 51, 83713, 102755, 'Rocourt-St.-Martin'),
(524, 20, 66553, 37977, 'Roissey en France'),
(525, 51, 67603, 39111, 'Roissey en France'),
(526, 51, 175804, 87220, 'Ronssoy'),
(527, 20, 175083, 87466, 'Ronssoy,SE Epehy'),
(528, 20, 94384, 136193, 'Rosnay'),
(529, 51, 95117, 137538, 'Rosnay'),
(530, 52, 215544, 87263, 'Roucourt'),
(531, 20, 216004, 87765, 'Roucourt, Bohain'),
(532, 52, 156865, 88754, 'Roupy'),
(533, 20, 157517, 87901, 'Roupy,Somme'),
(534, 20, 92281, 109956, 'Rugny'),
(535, 52, 93555, 109565, 'Rugny'),
(536, 20, 232470, 15022, 'Ruisseauville'),
(537, 52, 232302, 14101, 'Ruisseauville'),
(538, 51, 280437, 88052, 'Rumbeke, Roulers'),
(539, 20, 280705, 87070, 'Rumbeke,Roulers'),
(540, 20, 106915, 42674, 'Sacy le Grand'),
(541, 51, 106651, 41932, 'Sacy le Grand'),
(542, 20, 125481, 33751, 'Saint Just'),
(543, 51, 123984, 34106, 'Saint Just'),
(544, 20, 40584, 78972, 'Saints'),
(545, 51, 40123, 78856, 'Saints'),
(546, 20, 90568, 109878, 'Saponay'),
(547, 52, 90261, 109575, 'Saponay'),
(548, 20, 218476, 45330, 'Savy Berlette'),
(549, 51, 217490, 44846, 'Savy Berlette'),
(550, 51, 239070, 78788, 'Seclin'),
(551, 20, 64216, 221027, 'Senard en Argonne'),
(552, 51, 64593, 220283, 'Senard en Argonne'),
(553, 20, 88772, 44474, 'Senlis'),
(554, 51, 90101, 44964, 'Senlis'),
(555, 52, 98278, 266510, 'Senon'),
(556, 51, 245133, 27004, 'Serny'),
(557, 20, 246547, 26460, 'Serny'),
(558, 51, 129927, 139625, 'Sissonne'),
(559, 20, 129306, 137756, 'Sissonne'),
(560, 52, 102454, 239600, 'Sivry'),
(561, 20, 102998, 239823, 'Sivry'),
(562, 51, 204889, 40320, 'Sombrin'),
(563, 20, 64556, 191018, 'Somme Vesle'),
(564, 51, 65244, 190746, 'Somme Vesle'),
(565, 20, 143236, 3508, 'Sommereux'),
(566, 51, 143628, 2779, 'Sommereux'),
(567, 20, 205007, 39447, 'Soncamp Farm'),
(568, 20, 37453, 169721, 'Soude Ste Croix'),
(569, 51, 37271, 170350, 'Soude Ste Croix'),
(570, 20, 71166, 241766, 'Souilly'),
(571, 51, 70376, 241365, 'Souilly'),
(572, 51, 216803, 55071, 'St. Eloi'),
(573, 51, 266416, 42994, 'St. Marie Cappel'),
(574, 10, 259322, 22060, 'St. Omer'),
(575, 52, 117123, 163340, 'St. Loup-en-Champagne'),
(576, 20, 114485, 161028, 'St. Loup,Champagne'),
(577, 20, 118159, 161338, 'St. Loup,Champagne'),
(578, 52, 258842, 79679, 'St. Marguerite'),
(579, 20, 257216, 79566, 'St. Marguerite'),
(580, 20, 265638, 42793, 'St. Marie Cappel'),
(581, 52, 112414, 164673, 'St. Remy-le-Petit'),
(582, 20, 113284, 165411, 'St. Remy-le-Petit West'),
(583, 51, 121842, 233373, 'Stenay'),
(584, 20, 121375, 234534, 'Stenay'),
(585, 50, 55278, 260447, 'St. Mihiel'),
(586, 50, 160558, 96433, 'St. Quentin'),
(587, 52, 123629, 265461, 'Tellancourt'),
(588, 20, 122927, 265747, 'Tellancourt'),
(589, 20, 279141, 31818, 'Teteghem'),
(590, 51, 279133, 31108, 'Teteghem'),
(591, 20, 89176, 285445, 'Tichemont Castle'),
(592, 52, 87868, 285635, 'Tichemont Castle.'),
(593, 20, 67622, 192772, 'Tilloy at Bellay'),
(594, 51, 68168, 191702, 'Tilloy at Bellay'),
(595, 20, 31491, 284867, 'Toul'),
(596, 50, 32089, 286177, 'Toul'),
(597, 51, 30904, 285463, 'Toul Aerodrom'),
(598, 52, 144455, 129202, 'Toulis'),
(599, 20, 144163, 128427, 'Toulis'),
(600, 20, 36718, 74474, 'Touquin'),
(601, 51, 37828, 74963, 'Touquin'),
(602, 50, 244871, 103968, 'Tournay'),
(603, 20, 50782, 152450, 'Trecon'),
(604, 51, 51951, 153557, 'Trecon'),
(605, 20, 157513, 79489, 'Ugny-l Equipee'),
(606, 52, 157460, 79975, 'Ugny-l Equipee'),
(607, 20, 74679, 238539, 'Vadelaincourt'),
(608, 51, 74925, 239139, 'Vadelaincourt'),
(609, 20, 186708, 24488, 'Valheureux'),
(610, 52, 187740, 24728, 'Valheureux'),
(611, 20, 95224, 75496, 'Vauciennes'),
(612, 51, 92857, 76508, 'Vauciennes'),
(613, 20, 23256, 271395, 'Vaucouleurs'),
(614, 51, 23645, 269848, 'Vaucouleurs'),
(615, 20, 144039, 160031, 'Vaux'),
(616, 52, 144697, 160040, 'Vaux-les-Rubigny'),
(617, 20, 103156, 121822, 'Vauxcere'),
(618, 51, 102945, 121073, 'Vauxcere'),
(619, 51, 190003, 73963, 'Velu'),
(620, 20, 189623, 73272, 'Velu'),
(621, 52, 175983, 121782, 'Venerolles'),
(622, 20, 84954, 249955, 'Verdun'),
(623, 50, 84931, 247837, 'Verdun'),
(624, 52, 85484, 249647, 'Verdun Aerodrome'),
(625, 51, 161462, 60507, 'Vermandovillers'),
(626, 10, 187641, 27585, 'Vert Galand'),
(627, 20, 97511, 74480, 'Vez'),
(628, 51, 96476, 73751, 'Vez'),
(629, 51, 194755, 109127, 'Viesly'),
(630, 52, 214242, 150356, 'Vieux-Reng'),
(631, 20, 42952, 13924, 'Villacoublay'),
(632, 51, 43208, 15615, 'Villacoublay'),
(633, 20, 62099, 151669, 'Villaneuve les Vertus'),
(634, 20, 86535, 132899, 'Ville en Tardenois'),
(635, 51, 85952, 132785, 'Ville en Tardenois'),
(636, 20, 97944, 121885, 'Ville-Savoye'),
(637, 51, 98818, 121930, 'Ville-Savoye'),
(638, 20, 163811, 41480, 'Villers Bretonneux'),
(639, 20, 30561, 212943, 'Villers en Lieu'),
(640, 51, 29405, 213264, 'Villers en Lieu'),
(641, 20, 27463, 103418, 'Villers St. George'),
(642, 51, 27757, 104064, 'Villers St. George'),
(643, 51, 163679, 40597, 'Villers-Bretonneux'),
(644, 51, 215433, 148776, 'Villers-sur-Nicole'),
(645, 20, 215075, 151455, 'Villers-sur-Nicole'),
(646, 52, 143492, 83390, 'Villeselve'),
(647, 20, 144562, 82477, 'Villeselve'),
(648, 20, 48523, 158975, 'Villeseneux'),
(649, 51, 48784, 157989, 'Villeseneux'),
(650, 20, 51246, 159213, 'Villeseneux Ferme de Conflans'),
(651, 51, 135150, 115583, 'Vivaise'),
(652, 20, 135729, 116530, 'Vivaise'),
(653, 52, 47533, 76837, 'Voisins'),
(654, 51, 110772, 198175, 'Vouziers'),
(655, 20, 110656, 199477, 'Vouziers'),
(656, 20, 163675, 46097, 'Warfusee'),
(657, 51, 164053, 46989, 'Warfusee'),
(658, 51, 178808, 118781, 'Wassigny'),
(659, 20, 179299, 119259, 'Wassigny'),
(660, 52, 97705, 267933, 'Bellevue Ferme'),
(661, 52, 280252, 68872, 'no man''s land'),
(662, 52, 274996, 72853, 'no man''s land'),
(663, 52, 270138, 72455, 'no man''s land'),
(664, 52, 265121, 69031, 'no man''s land'),
(665, 52, 259865, 67358, 'no man''s land'),
(666, 52, 254609, 65845, 'no man''s land'),
(667, 52, 250149, 62421, 'no man''s land'),
(668, 52, 246167, 59235, 'no man''s land'),
(669, 52, 241230, 58359, 'no man''s land'),
(670, 52, 236531, 59793, 'no man''s land'),
(671, 52, 231434, 61147, 'no man''s land'),
(672, 52, 226417, 60032, 'no man''s land'),
(673, 52, 221559, 61625, 'no man''s land'),
(674, 52, 216925, 63536, 'no man''s land'),
(675, 52, 212226, 65049, 'no man''s land'),
(676, 52, 207209, 64890, 'no man''s land'),
(677, 52, 202669, 62819, 'no man''s land'),
(678, 52, 198528, 59952, 'no man''s land'),
(679, 52, 194069, 57404, 'no man''s land'),
(680, 52, 185468, 52705, 'no man''s land'),
(681, 52, 190246, 54378, 'no man''s land'),
(682, 52, 180530, 52387, 'no man''s land'),
(683, 52, 175354, 52944, 'no man''s land'),
(684, 52, 170257, 53103, 'no man''s land'),
(685, 52, 165202, 53183, 'no man''s land'),
(686, 52, 160185, 52227, 'no man''s land'),
(687, 52, 155247, 51351, 'no man''s land'),
(688, 52, 150389, 51272, 'no man''s land'),
(689, 52, 145531, 52068, 'no man''s land'),
(690, 52, 140912, 54457, 'no man''s land'),
(691, 52, 137010, 57961, 'no man''s land'),
(692, 52, 133984, 61943, 'no man''s land'),
(693, 52, 132073, 66721, 'no man''s land'),
(694, 52, 130719, 71738, 'no man''s land'),
(695, 52, 131037, 76756, 'no man''s land'),
(696, 52, 132289, 81567, 'no man''s land'),
(697, 52, 133085, 86663, 'no man''s land'),
(698, 52, 132607, 91760, 'no man''s land'),
(699, 52, 130298, 96299, 'no man''s land'),
(700, 52, 126396, 99326, 'no man''s land'),
(701, 52, 122732, 102909, 'no man''s land'),
(702, 52, 120741, 107608, 'no man''s land'),
(703, 52, 119228, 112386, 'no man''s land'),
(704, 52, 117556, 117324, 'no man''s land'),
(705, 52, 115884, 122022, 'no man''s land'),
(706, 52, 114689, 127039, 'no man''s land'),
(707, 52, 113574, 132056, 'no man''s land'),
(708, 52, 112698, 137074, 'no man''s land'),
(709, 52, 111265, 142011, 'no man''s land'),
(710, 52, 108238, 146073, 'no man''s land'),
(711, 52, 105249, 150110, 'no man''s land'),
(712, 52, 102780, 154570, 'no man''s land'),
(713, 52, 100471, 159029, 'no man''s land'),
(714, 52, 98002, 163330, 'no man''s land'),
(715, 52, 95772, 167789, 'no man''s land'),
(716, 52, 93781, 172408, 'no man''s land'),
(717, 52, 92189, 177346, 'no man''s land'),
(718, 52, 91074, 182204, 'no man''s land'),
(719, 52, 89322, 186982, 'no man''s land'),
(720, 52, 86773, 191442, 'no man''s land'),
(721, 52, 84305, 195742, 'no man''s land'),
(722, 52, 83827, 200839, 'no man''s land'),
(723, 52, 84145, 205856, 'no man''s land'),
(724, 52, 85181, 210793, 'no man''s land'),
(725, 52, 85897, 215651, 'no man''s land'),
(726, 52, 86375, 220828, 'no man''s land'),
(727, 52, 87012, 225765, 'no man''s land'),
(728, 52, 88366, 230667, 'no man''s land'),
(729, 52, 90118, 235525, 'no man''s land'),
(730, 52, 91552, 240223, 'no man''s land'),
(731, 52, 92348, 245241, 'no man''s land'),
(732, 52, 90915, 250098, 'no man''s land'),
(733, 52, 89401, 255116, 'no man''s land'),
(734, 52, 86375, 259097, 'no man''s land'),
(735, 52, 81517, 260372, 'no man''s land'),
(736, 52, 76819, 261566, 'no man''s land'),
(737, 52, 71961, 262283, 'no man''s land'),
(738, 52, 67660, 259575, 'no man''s land'),
(739, 52, 62643, 260292, 'no man''s land'),
(740, 52, 57865, 258381, 'no man''s land'),
(741, 52, 53087, 256868, 'no man''s land'),
(742, 52, 50061, 261088, 'no man''s land'),
(743, 52, 49742, 266265, 'no man''s land'),
(744, 52, 51216, 271039, 'no man''s land'),
(745, 52, 52827, 276210, 'no man''s land'),
(746, 52, 53768, 280845, 'no man''s land'),
(747, 52, 55715, 285815, 'no man''s land'),
(748, 52, 56454, 290516, 'no man''s land'),
(749, 52, 57529, 295687, 'no man''s land'),
(750, 52, 57260, 300859, 'no man''s land'),
(751, 52, 53432, 304082, 'no man''s land'),
(752, 52, 49379, 307112, 'no man''s land'),
(753, 52, 45215, 309798, 'no man''s land'),
(754, 52, 40782, 312015, 'no man''s land'),
(755, 52, 38028, 316313, 'no man''s land'),
(756, 52, 36081, 320880, 'no man''s land'),
(757, 52, 34469, 325581, 'no man''s land'),
(758, 52, 32723, 330350, 'no man''s land'),
(759, 52, 30372, 334782, 'no man''s land'),
(760, 52, 27954, 339215, 'no man''s land'),
(761, 52, 24663, 343043, 'no man''s land'),
(762, 52, 21439, 347073, 'no man''s land'),
(763, 52, 18484, 351237, 'no man''s land'),
(764, 52, 15261, 354998, 'no man''s land'),
(765, 52, 11567, 358289, 'no man''s land'),
(766, 52, 280163, 63927, 'Entente trenches'),
(767, 52, 275122, 69522, 'Entente trenches'),
(768, 52, 270024, 69966, 'Entente trenches'),
(769, 52, 265038, 66364, 'Entente trenches'),
(770, 52, 260052, 64259, 'Entente trenches'),
(771, 52, 255010, 61877, 'Entente trenches'),
(772, 52, 250190, 58940, 'Entente trenches'),
(773, 52, 246146, 57167, 'Entente trenches'),
(774, 52, 241156, 56503, 'Entente trenches'),
(775, 52, 236502, 58109, 'Entente trenches'),
(776, 52, 231516, 59938, 'Entente trenches'),
(777, 52, 226474, 57278, 'Entente trenches'),
(778, 52, 221598, 57832, 'Entente trenches'),
(779, 52, 216944, 60159, 'Entente trenches'),
(780, 52, 212130, 61821, 'Entente trenches'),
(781, 52, 207143, 61212, 'Entente trenches'),
(782, 52, 202767, 59162, 'Entente trenches'),
(783, 52, 198611, 56613, 'Entente trenches'),
(784, 52, 194130, 53677, 'Entente trenches'),
(785, 52, 190031, 49522, 'Entente trenches'),
(786, 52, 185654, 49355, 'Entente trenches'),
(787, 52, 180667, 49854, 'Entente trenches'),
(788, 52, 175127, 50464, 'Entente trenches'),
(789, 52, 170362, 50907, 'Entente trenches'),
(790, 52, 165210, 50630, 'Entente trenches'),
(791, 52, 160334, 49078, 'Entente trenches'),
(792, 52, 155126, 47804, 'Entente trenches'),
(793, 52, 150178, 48026, 'Entente trenches'),
(794, 52, 145136, 48524, 'Entente trenches'),
(795, 52, 139984, 51682, 'Entente trenches'),
(796, 52, 135053, 55062, 'Entente trenches'),
(797, 52, 130842, 59938, 'Entente trenches'),
(798, 52, 128072, 65700, 'Entente trenches'),
(799, 52, 126687, 71628, 'Entente trenches'),
(800, 52, 127352, 77002, 'Entente trenches'),
(801, 52, 128238, 81933, 'Entente trenches'),
(802, 52, 129125, 86587, 'Entente trenches'),
(803, 52, 129069, 91351, 'Entente trenches'),
(804, 52, 127019, 93789, 'Entente trenches'),
(805, 52, 122421, 97113, 'Entente trenches'),
(806, 52, 119041, 101989, 'Entente trenches'),
(807, 52, 117047, 107141, 'Entente trenches'),
(808, 52, 115514, 112262, 'Entente trenches'),
(809, 52, 113298, 117082, 'Entente trenches'),
(810, 52, 110694, 122068, 'Entente trenches'),
(811, 52, 110528, 126943, 'Entente trenches'),
(812, 52, 109918, 131819, 'Entente trenches'),
(813, 52, 108699, 136473, 'Entente trenches'),
(814, 52, 107370, 141016, 'Entente trenches'),
(815, 52, 105818, 144617, 'Entente trenches'),
(816, 52, 103104, 148883, 'Entente trenches'),
(817, 52, 100555, 153205, 'Entente trenches'),
(818, 52, 96455, 157194, 'Entente trenches'),
(819, 52, 94405, 161682, 'Entente trenches'),
(820, 52, 93796, 166945, 'Entente trenches'),
(821, 52, 92134, 171931, 'Entente trenches'),
(822, 52, 89750, 176599, 'Entente trenches'),
(823, 52, 87922, 181197, 'Entente trenches'),
(824, 52, 86758, 185907, 'Entente trenches'),
(825, 52, 84210, 190006, 'Entente trenches'),
(826, 52, 81716, 194660, 'Entente trenches'),
(827, 52, 81273, 200478, 'Entente trenches'),
(828, 52, 82381, 205796, 'Entente trenches'),
(829, 52, 83545, 210838, 'Entente trenches'),
(830, 52, 84542, 215714, 'Entente trenches'),
(831, 52, 85041, 220866, 'Entente trenches'),
(832, 52, 85816, 225797, 'Entente trenches'),
(833, 52, 86758, 230961, 'Entente trenches'),
(834, 52, 88088, 235892, 'Entente trenches'),
(835, 52, 88531, 240989, 'Entente trenches'),
(836, 52, 88088, 244867, 'Entente trenches'),
(837, 52, 87090, 249078, 'Entente trenches'),
(838, 52, 84431, 251959, 'Entente trenches'),
(839, 52, 82603, 255117, 'Entente trenches'),
(840, 52, 81051, 257610, 'Entente trenches'),
(841, 52, 76785, 259771, 'Entente trenches'),
(842, 52, 71910, 260990, 'Entente trenches'),
(843, 52, 67588, 258386, 'Entente trenches'),
(844, 52, 62713, 259328, 'Entente trenches'),
(845, 52, 58280, 257278, 'Entente trenches'),
(846, 52, 52297, 255505, 'Entente trenches'),
(847, 52, 48943, 260487, 'Entente trenches'),
(848, 52, 48888, 266194, 'Entente trenches'),
(849, 52, 49885, 271125, 'Entente trenches'),
(850, 52, 51769, 276222, 'Entente trenches'),
(851, 52, 52821, 280931, 'Entente trenches'),
(852, 52, 54761, 286028, 'Entente trenches'),
(853, 52, 55371, 290481, 'Entente trenches'),
(854, 52, 56258, 295578, 'Entente trenches'),
(855, 52, 56202, 300564, 'Entente trenches'),
(856, 52, 52656, 302836, 'Entente trenches'),
(857, 52, 48834, 306160, 'Entente trenches'),
(858, 52, 44845, 308764, 'Entente trenches'),
(859, 52, 40135, 310925, 'Entente trenches'),
(860, 52, 37310, 315689, 'Entente trenches'),
(861, 52, 35149, 320399, 'Entente trenches'),
(862, 52, 33210, 325330, 'Entente trenches'),
(863, 52, 31548, 329817, 'Entente trenches'),
(864, 52, 29331, 334028, 'Entente trenches'),
(865, 52, 27115, 338737, 'Entente trenches'),
(866, 52, 23990, 342391, 'Entente trenches'),
(867, 52, 20666, 346601, 'Entente trenches'),
(868, 52, 17674, 350480, 'Entente trenches'),
(869, 52, 14627, 354302, 'Entente trenches'),
(870, 52, 10970, 357737, 'Entente trenches'),
(871, 52, 280048, 72754, 'Central Powers trenches'),
(872, 52, 275006, 76189, 'Central Powers trenches'),
(873, 52, 270076, 74527, 'Central Powers trenches'),
(874, 52, 265089, 71757, 'Central Powers trenches'),
(875, 52, 260047, 70261, 'Central Powers trenches'),
(876, 52, 255061, 70039, 'Central Powers trenches'),
(877, 52, 249964, 67491, 'Central Powers trenches'),
(878, 52, 24652, 62892, 'Central Powers trenches'),
(879, 52, 241363, 60067, 'Central Powers trenches'),
(880, 52, 236432, 61618, 'Central Powers trenches'),
(881, 52, 231668, 62117, 'Central Powers trenches'),
(882, 52, 226571, 62338, 'Central Powers trenches'),
(883, 52, 222027, 65663, 'Central Powers trenches'),
(884, 52, 217096, 67491, 'Central Powers trenches'),
(885, 52, 211667, 68765, 'Central Powers trenches'),
(886, 52, 206625, 68211, 'Central Powers trenches'),
(887, 52, 202248, 66438, 'Central Powers trenches'),
(888, 52, 197066, 62671, 'Central Powers trenches'),
(889, 52, 192357, 60621, 'Central Powers trenches'),
(890, 52, 188866, 58294, 'Central Powers trenches'),
(891, 52, 185320, 56355, 'Central Powers trenches'),
(892, 52, 180556, 55967, 'Central Powers trenches'),
(893, 52, 175328, 55413, 'Central Powers trenches'),
(894, 52, 170231, 55302, 'Central Powers trenches'),
(895, 52, 164968, 55801, 'Central Powers trenches'),
(896, 52, 159649, 54970, 'Central Powers trenches'),
(897, 52, 155161, 53751, 'Central Powers trenches'),
(898, 52, 150563, 53806, 'Central Powers trenches'),
(899, 52, 145964, 55357, 'Central Powers trenches'),
(900, 52, 142265, 58460, 'Central Powers trenches'),
(901, 52, 139384, 60842, 'Central Powers trenches'),
(902, 52, 137223, 64277, 'Central Powers trenches'),
(903, 52, 135228, 67491, 'Central Powers trenches'),
(904, 52, 134120, 72145, 'Central Powers trenches'),
(905, 52, 134397, 76854, 'Central Powers trenches'),
(906, 52, 135450, 81730, 'Central Powers trenches'),
(907, 52, 136724, 86716, 'Central Powers trenches'),
(908, 52, 136226, 92423, 'Central Powers trenches'),
(909, 52, 133954, 97963, 'Central Powers trenches'),
(910, 52, 130574, 102118, 'Central Powers trenches'),
(911, 52, 126419, 104334, 'Central Powers trenches'),
(912, 52, 123479, 108420, 'Central Powers trenches'),
(913, 52, 122759, 112963, 'Central Powers trenches'),
(914, 52, 121983, 118947, 'Central Powers trenches'),
(915, 52, 119767, 123434, 'Central Powers trenches'),
(916, 52, 118493, 128365, 'Central Powers trenches'),
(917, 52, 117828, 133185, 'Central Powers trenches'),
(918, 52, 117551, 138559, 'Central Powers trenches'),
(919, 52, 114614, 144155, 'Central Powers trenches'),
(920, 52, 110293, 147812, 'Central Powers trenches'),
(921, 52, 107393, 151689, 'Central Powers trenches'),
(922, 52, 104734, 155401, 'Central Powers trenches'),
(923, 52, 103681, 160332, 'Central Powers trenches'),
(924, 52, 103127, 165761, 'Central Powers trenches'),
(925, 52, 97975, 168864, 'Central Powers trenches'),
(926, 52, 95426, 172687, 'Central Powers trenches'),
(927, 52, 94597, 177774, 'Central Powers trenches'),
(928, 52, 93655, 182872, 'Central Powers trenches'),
(929, 52, 92104, 187692, 'Central Powers trenches'),
(930, 52, 88835, 192789, 'Central Powers trenches'),
(931, 52, 86619, 196556, 'Central Powers trenches'),
(932, 52, 85566, 200601, 'Central Powers trenches'),
(933, 52, 86508, 205818, 'Central Powers trenches'),
(934, 52, 86508, 210804, 'Central Powers trenches'),
(935, 52, 87062, 215569, 'Central Powers trenches'),
(936, 52, 88170, 225597, 'Central Powers trenches'),
(937, 52, 90054, 230085, 'Central Powers trenches'),
(938, 52, 92547, 234517, 'Central Powers trenches'),
(939, 52, 94874, 239448, 'Central Powers trenches'),
(940, 52, 96591, 245376, 'Central Powers trenches'),
(941, 52, 95095, 250362, 'Central Powers trenches'),
(942, 52, 92547, 256623, 'Central Powers trenches'),
(943, 52, 90477, 262639, 'Central Powers trenches'),
(944, 52, 87097, 265409, 'Central Powers trenches'),
(945, 52, 81557, 262750, 'Central Powers trenches'),
(946, 52, 77180, 263414, 'Central Powers trenches'),
(947, 52, 72138, 263747, 'Central Powers trenches'),
(948, 52, 67872, 260866, 'Central Powers trenches'),
(949, 52, 62664, 261143, 'Central Powers trenches'),
(950, 52, 62769, 261596, 'Central Powers trenches'),
(951, 52, 57949, 259712, 'Central Powers trenches'),
(952, 52, 53406, 258271, 'Central Powers trenches'),
(953, 52, 51079, 261429, 'Central Powers trenches'),
(954, 52, 50802, 266139, 'Central Powers trenches'),
(955, 52, 52298, 271014, 'Central Powers trenches'),
(956, 52, 53628, 276167, 'Central Powers trenches'),
(957, 52, 54706, 280720, 'Central Powers trenches'),
(958, 52, 56506, 285771, 'Central Powers trenches'),
(959, 52, 57168, 290380, 'Central Powers trenches'),
(960, 52, 58210, 295438, 'Central Powers trenches'),
(961, 52, 58242, 301026, 'Central Powers trenches'),
(962, 52, 54359, 304656, 'Central Powers trenches'),
(963, 52, 50413, 307939, 'Central Powers trenches'),
(964, 52, 45994, 310749, 'Central Powers trenches'),
(965, 52, 41511, 312643, 'Central Powers trenches'),
(966, 52, 39014, 316667, 'Central Powers trenches'),
(967, 52, 36994, 321244, 'Central Powers trenches'),
(968, 52, 35447, 325885, 'Central Powers trenches'),
(969, 52, 33711, 330809, 'Central Powers trenches'),
(970, 52, 31280, 335197, 'Central Powers trenches'),
(971, 52, 28908, 339796, 'Central Powers trenches'),
(972, 52, 25467, 343678, 'Central Powers trenches'),
(973, 52, 22373, 347687, 'Central Powers trenches'),
(974, 52, 19343, 351854, 'Central Powers trenches'),
(975, 52, 15951, 355940, 'Central Powers trenches'),
(976, 52, 12699, 358497, 'Central Powers trenches'),
(977, 20, 247950, 53700, 'La Gorgue');

-- --------------------------------------------------------

--
-- Table structure for table `supply_points`
--

DROP TABLE IF EXISTS `supply_points`;
CREATE TABLE IF NOT EXISTS `supply_points` (
  `id` tinyint(1) NOT NULL,
  `xPos` smallint(1) NOT NULL,
  `zPos` smallint(6) NOT NULL,
  `CoalID` smallint(6) NOT NULL,
  `supplypointName` varchar(40) NOT NULL,
  PRIMARY KEY (`id`),
  UNIQUE KEY `supplypointName` (`supplypointName`)
) ENGINE=InnoDB DEFAULT CHARSET=utf8;

/*!40101 SET CHARACTER_SET_CLIENT=@OLD_CHARACTER_SET_CLIENT */;
/*!40101 SET CHARACTER_SET_RESULTS=@OLD_CHARACTER_SET_RESULTS */;
/*!40101 SET COLLATION_CONNECTION=@OLD_COLLATION_CONNECTION */;
